id,quote,url,platform,date,stars,source_type,capture,pain,desire,need,objection,failed_solution,trigger,misconception,belief,emotional_state,awareness_stage,burned_skeptical,authority_trusted,buyer_group,great_phrase
S001,is very common for autistic children to not be potty trained until they are 8 years old.,https://www.reddit.com/r/SAHP/comments/15ktj9h/advice_on_potty_training_4_year_old_autistic_child/,Reddit r/SAHP,~2023-08 (est. from post ID),,Reddit,SNIPPET,late training (3.5y+ still not trained),,,,,,,,Neutrality,problem,,,ND / sensory parent; late-trainer parent,
S002,Very verbal 5 year old is not potty trained. He hides in a corner when he has to poop and goes in his underwear every time.,https://www.reddit.com/r/Autism_Parenting/comments/13o565r/5_year_old_not_potty_trained/,Reddit r/Autism_Parenting,~2023-05 (est. from post ID),,Reddit,SNIPPET,late training (3.5y+ still not trained); withholding / poop refusal,,,,,,,,Neutrality,solution,,,ND / sensory parent; late-trainer parent; withholding parent,
S003,"She refuses to sit on the potty, and if we manage to get her there, she won't go. Autistic Twin Boys will NOT potty train",https://www.reddit.com/r/Autism_Parenting/comments/14b246o/6_year_old_refuses_to_potty_train/,Reddit r/Autism_Parenting,~2023-06 (est. from post ID),,Reddit,SNIPPET,late training (3.5y+ still not trained); child refuses,,,,,,,,Fear,problem,,,ND / sensory parent; late-trainer parent; twins parent,
S004,"Is your child not potty trained or do they have encopresis which is very common amongst autistic children. / For kids who weren't potty trained by kindergarten, what did you do?",https://www.reddit.com/r/Autism_Parenting/comments/159kh3k/for_kids_who_werent_potty_trained_by_kindergarten/,Reddit r/Autism_Parenting,~2023-07 (est. from post ID),,Reddit,SNIPPET,deadline pressure (daycare/school rule); withholding / poop refusal,daycare/school-ready,,,,school start (K/Reception),,,Neutrality,problem,,,working parent / daycare; ND / sensory parent; withholding parent,
S005,Set a timer on repeat every 20 mins and put him on the potty for 3 minutes. I think some kids at this age on the spectrum lack the ...,https://www.reddit.com/r/Autism_Parenting/comments/1eaq6o2/potty_training_level_3_non_verbal_kids_advice/,Reddit r/Autism_Parenting,~2024-07 (est. from post ID),,Reddit,SNIPPET,,,routine / reminder system,,,,,,Neutrality,solution,,,ND / sensory parent,
S006,"Please help, my 5 year old daughter will not potty train. / My daughter needed a strict schedule for years",https://www.reddit.com/r/Autism_Parenting/comments/10gfcev/please_help_my_5_year_old_daughter_will_not_potty/,Reddit r/Autism_Parenting,~2023-01 (est. from post ID),,Reddit,SNIPPET,late training (3.5y+ still not trained); child refuses,,routine / reminder system,,,,,consistency / schedule works,Fear,problem,,,ND / sensory parent; late-trainer parent,
S007,We were told for kids with autism they usually go into school not toilet trained. Visual Supports: Use visual aids like picture schedules,https://www.reddit.com/r/Autism_Parenting/comments/1b0y3y7/potty_training_non_verbal_autistic_toddler_is_it/,Reddit r/Autism_Parenting,~2024-03 (est. from post ID),,Reddit,SNIPPET,deadline pressure (daycare/school rule),daycare/school-ready,routine / reminder system,,,school start (K/Reception),,,Neutrality,problem,,,working parent / daycare; ND / sensory parent,
S008,We potty trained my 4 year old and he is almost nonverbal. Consistency is key and a rewards system. We also used a lot of pictures.,https://www.reddit.com/r/Autism_Parenting/comments/1ievgjy/what_age_did_your_kiddo_learn_potty_training/,Reddit r/Autism_Parenting,~2025-02 (est. from post ID),,Reddit,SNIPPET,late training (3.5y+ still not trained); child can't communicate need,,,,rewards / stickers / bribes,,,consistency / schedule works,Neutrality,solution,,,ND / sensory parent,
S009,Autistic 5 year old son is potty trained except for poop.,https://www.reddit.com/r/Autism_Parenting/comments/1k2kfd0/autistic_5_year_old_son_is_potty_trained_except/,Reddit r/Autism_Parenting,~2025-05 (est. from post ID),,Reddit,SNIPPET,late training (3.5y+ still not trained); withholding / poop refusal,,,,,,,,Neutrality,problem,,,ND / sensory parent; late-trainer parent; withholding parent,
S010,"Autistic kids most of the time are not ready mentally, physically to be potty trained until their preteen years",https://www.reddit.com/r/Autism_Parenting/comments/1fczz5m/four_year_old_refuses_to_be_potty_trained/,Reddit r/Autism_Parenting,~2024-09 (est. from post ID),,Reddit,SNIPPET,late training (3.5y+ still not trained),,,,,,,,Apathy,problem,,,ND / sensory parent; late-trainer parent,
S011,"Children with autism are usually late with things like potty training. Does he show discomfort when his diaper is full/dirty? If not, he is ...",https://www.reddit.com/r/Autism_Parenting/comments/1p6xuot/seeking_toilet_training_tips_for_a_completely/,Reddit r/Autism_Parenting,~2025-12 (est. from post ID),,Reddit,SNIPPET,,,,,,,,,Neutrality,problem,,,ND / sensory parent,
S012,"My child is level 3, non verbal autistic. He randomly woke up one day at the end of August and decided he was going to use the potty",https://www.reddit.com/r/Autism_Parenting/comments/1iqkuj1/how_long_did_it_take_for_your_non_verbal_child_to/,Reddit r/Autism_Parenting,~2025-02 (est. from post ID),,Reddit,SNIPPET,child can't communicate need,,,,,,,,Neutrality,problem,,,ND / sensory parent,
S013,Our now almost 7 yo boy got potty trained around 4-5 years old. It is a difficult and low reward journey until it gets better one fine day,https://www.reddit.com/r/Autism_Parenting/comments/1oa26dd/can_my_child_still_be_potty_trained/,Reddit r/Autism_Parenting,~2025-10 (est. from post ID),,Reddit,SNIPPET,late training (3.5y+ still not trained); parent burnout,,,,,,,,Neutrality,problem,,,ND / sensory parent; late-trainer parent,a difficult and low reward journey
S014,We didn't train until right when my older son turned 6 a few months ago. It really just might take time. He was the same about not noticing,https://www.reddit.com/r/Autism_Parenting/comments/1gdruvh/4_year_old_boy_just_cant_potty_train/,Reddit r/Autism_Parenting,~2024-11 (est. from post ID),,Reddit,SNIPPET,late training (3.5y+ still not trained),,,,,,,every kid own timeline,Neutrality,problem,,,ND / sensory parent; late-trainer parent,
S015,My son is 6 and not poop potty trained or night trained yet. We use the parents choice brand training pants in size 4T-5T. it's a little ...,https://www.reddit.com/r/Autism_Parenting/comments/12l7suj/options_for_diapers_beyond_size_7/,Reddit r/Autism_Parenting,~2023-04 (est. from post ID),,Reddit,SNIPPET,late training (3.5y+ still not trained); size / big-kid products,,bigger sizes,,,,,,Neutrality,product,,,ND / sensory parent; late-trainer parent,
S016,Nighttime options for bedwetting ASD 5 year old? / huggies overnights is the best one to absorb for my kid. He's comfortable in underwear in the day and diaper at night,https://www.reddit.com/r/Autism_Parenting/comments/13gn8k2/nighttime_options_for_bedwetting_asd_5_year_old/,Reddit r/Autism_Parenting,~2023-05 (est. from post ID),,Reddit,SNIPPET,late training (3.5y+ still not trained); night wetting,dry nights; less mess / cleanup,absorbency that holds a pee; leakproof at night,,,,,,Pride,product,,,ND / sensory parent; night / bedwetting parent,
S017,"I like the brand as it goes up to size 9 for older kids, which is helpful for over night training. MooMoo Baby Potty Training Underwear",https://www.reddit.com/r/Autism_Parenting/comments/1dxkjr8/effective_potty_training_methods_for_autistic/,Reddit r/Autism_Parenting,~2024-07 (est. from post ID),,Reddit,SNIPPET,size / big-kid products,,bigger sizes; absorbency that holds a pee,,training underwear (MooMoo),,,,Fear,product,,,ND / sensory parent,
S018,My daughter is autistic and still not able to be potty trained at 6 years old. The largest pull-ups are size 5t-6t and are starting to be ...,https://www.reddit.com/r/Autism_Parenting/comments/1h4i2h1/diapers_for_6_year_old/,Reddit r/Autism_Parenting,~2024-12 (est. from post ID),,Reddit,SNIPPET,late training (3.5y+ still not trained); size / big-kid products,,bigger sizes,,,outgrew largest size,,,Neutrality,solution,,,ND / sensory parent; late-trainer parent,The largest pull-ups are size 5t-6t
S019,It's pretty normal to take until 7-8 for autistic kids.,https://www.reddit.com/r/Autism_Parenting/comments/1nxnjwf/help_how_do_parents_do_this_im_giving_up_already/,Reddit r/Autism_Parenting,~2025-10 (est. from post ID),,Reddit,SNIPPET,late training (3.5y+ still not trained),,,,,,,,Neutrality,problem,,,ND / sensory parent; late-trainer parent,
S020,"Help, how do parents do this? I'm giving up already!",https://www.reddit.com/r/Autism_Parenting/comments/1nxnjwf/help_how_do_parents_do_this_im_giving_up_already/,Reddit r/Autism_Parenting,~2025-10 (est. from post ID),,Reddit,SNIPPET,parent burnout,,,,,,,,Apathy,problem,,,ND / sensory parent,I'm giving up already!
S021,"We liked MooMoo Training Underwear as they were absorbent to prevent a huge mess, but allowed him to realize he was wet. Bonus was larger sizes",https://www.reddit.com/r/Autism_Parenting/comments/1u0q3tm/how_the_heck_do_you_pottytrain_a_nonverbal_child/,Reddit r/Autism_Parenting,~2026-06 (est. from post ID),,Reddit,SNIPPET,,less mess / cleanup,absorbency that holds a pee; feel-wet signal,,training underwear (MooMoo),,,,Pride,product,,,ND / sensory parent,allowed him to realize he was wet
S022,"Lately, I've noticed that his sleep keeps getting disturbed because the diaper leaks at night. I'm starting to feel really stressed.",https://www.reddit.com/r/Autism_Parenting/comments/1l9ktah/any_recommendations_for_a_nighttime_diaper_for/,Reddit r/Autism_Parenting,~2025-06 (est. from post ID),,Reddit,SNIPPET,leaks / soaked bed at night; child doesn't notice wet / body signals,dry nights,feel-wet signal; leakproof at night,,,soaked bed,,,Apathy,problem,,,ND / sensory parent; night / bedwetting parent,
S023,Anyone else have an older child still in diapers? / First sit on toilet with diaper on. Then poop in diaper on toilet.,https://www.reddit.com/r/Autism_Parenting/comments/1eu0x15/anyone_else_have_an_older_child_still_in_diapers/,Reddit r/Autism_Parenting,~2024-08 (est. from post ID),,Reddit,SNIPPET,size / big-kid products,,bigger sizes,,,,,,Neutrality,problem,,,ND / sensory parent,
S024,He is currently wearing a size 7 in Huggies. He pees A ...,https://www.reddit.com/r/Autism_Parenting/comments/1ey6tqc/diapers_for_toddler/,Reddit r/Autism_Parenting,~2024-08 (est. from post ID),,Reddit,SNIPPET,size / big-kid products,,bigger sizes,,,,,,Neutrality,product,,,ND / sensory parent,
S026,"My daughter is 6 and having extreme sensory issues with her panties. She cannot have anything touching her crotch, at all.",https://www.reddit.com/r/Autism_Parenting/comments/1q2zj6e/sensory_panties/,Reddit r/Autism_Parenting,~2026-01 (est. from post ID),,Reddit,SNIPPET,sensory discomfort,,sensory-friendly fit,,,,,,Neutrality,problem,,,ND / sensory parent,cannot have anything touching her crotch
S027,"She claims that all undies give her wedgies, but the complaint seems to be the way they feel on her vulva. Too bulky? Too tight? Elastic sucks?",https://www.reddit.com/r/toddlers/comments/1ieheqo/underwear_roundup_which_undies_do_your_toddler/,Reddit r/toddlers,~2025-02 (est. from post ID),,Reddit,SNIPPET,sensory discomfort,,sensory-friendly fit,,,,,,Neutrality,problem,,,ND / sensory parent,Elastic sucks?
S028,"Some children with sensory issues find homemade underwear much more comfortable. You can do a wide waistband (similar to yoga pants), super soft",https://www.reddit.com/r/Parenting/comments/zean8x/sensory_issues_with_undies/,Reddit r/Parenting,~2022-12 (est. from post ID),,Reddit,SNIPPET,sensory discomfort,,sensory-friendly fit,,,relative judgment,,,Neutrality,solution,,,ND / sensory parent,
S029,Underwear is a common sticking point for children with sensory hypersensitivity. I'd skip it for now and go to soft elastic-waisted pants / Autistic 3yr old won't pull down undies,https://www.reddit.com/r/pottytraining/comments/10aft2d/autistic_3yr_old_wont_pull_down_undies/,Reddit r/pottytraining,~2023-01 (est. from post ID),,Reddit,SNIPPET,sensory discomfort; child refuses,,sensory-friendly fit,,,,,,Neutrality,solution,,,ND / sensory parent,
S030,Try boys boxers. They allow for more space and create less wedgies. / Most sensory friendly underwear?,https://www.reddit.com/r/toddlers/comments/1vmkbjy/most_sensory_friendly_underwear/,Reddit r/toddlers,~2026-08 (est. from post ID),,Reddit,SNIPPET,sensory discomfort,,sensory-friendly fit,,,,,,Neutrality,solution,,,ND / sensory parent,
S031,I think the sensory issue is why she doesn't like wearing underwear. She says they bother her.,https://www.reddit.com/r/Mommit/comments/1wukzwh/should_i_force_my_6_year_old_daughter_to_wear/,Reddit r/Mommit,~2026-10 (est. from post ID),,Reddit,SNIPPET,sensory discomfort,,sensory-friendly fit,,,,,,Neutrality,solution,,,ND / sensory parent,
S032,She hates butt seams now / No seam underwear. I'm pretty sure they make it for little kids too cuz of sensory issues.,https://www.reddit.com/r/toddlers/comments/1lznwev/she_hates_butt_seams_now/,Reddit r/toddlers,~2025-07 (est. from post ID),,Reddit,SNIPPET,sensory discomfort,,sensory-friendly fit,,,,,,Neutrality,solution,,,ND / sensory parent,She hates butt seams
S033,ASD nonverbal 3 year old who thinks underwear is diaper / He loves to wear his cotton underwear,https://www.reddit.com/r/pottytraining/comments/1mol553/asd_nonverbal_3_year_old_who_thinks_underwear_is/,Reddit r/pottytraining,~2025-08 (est. from post ID),,Reddit,SNIPPET,late training (3.5y+ still not trained); child can't communicate need,,absorbency that holds a pee,,training underwear (generic),,,,Neutrality,solution,,,ND / sensory parent,
S034,search for autism friendly underpants on etsy,https://www.reddit.com/r/autism/comments/3ii3ei/parent_of_a_child_with_sensory_issues_looking_for/,Reddit r/autism,~2015-08 (est. from post ID),,Reddit,SNIPPET,sensory discomfort,,sensory-friendly fit,,,,,,Neutrality,problem,,,ND / sensory parent,
S035,My 4 year old has seemed to develop more and more of a sensory to her underwear. She keeps getting irritated by the underwear,https://www.reddit.com/r/Parenting/comments/1qz46tb/underwear_sensory_issue/,Reddit r/Parenting,~2026-02 (est. from post ID),,Reddit,SNIPPET,sensory discomfort,,sensory-friendly fit,,,,,,Neutrality,solution,,,ND / sensory parent,
S036,"Parents of kids with sensory issues: HELP. 4 year old boy *will not ... / Underwear or a pull-up, doesn't matter, he will poop in his pants.",https://www.reddit.com/r/Parenting/comments/8z4kpj/parents_of_kids_with_sensory_issues_help_4_year/,Reddit r/Parenting,~2018-07 (est. from post ID),,Reddit,SNIPPET,late training (3.5y+ still not trained); withholding / poop refusal; sensory discomfort; child refuses,,sensory-friendly fit,,,,,,Fear,solution,,,ND / sensory parent; late-trainer parent; withholding parent,
S037,No seams or flat-locked seams seem to work the best. Size up if you start seeing indents or red lines on his skin.,https://www.reddit.com/r/pottytraining/comments/1g5us47/underwear_suggestions/,Reddit r/pottytraining,~2024-10 (est. from post ID),,Reddit,SNIPPET,sensory discomfort,,sensory-friendly fit,,,,,,Pride,solution,,,ND / sensory parent,
S038,This is really common in kids with ADHD. he ignores the need to pee because he's hyperfixating.,https://www.reddit.com/r/ADHDparenting/comments/175ry3a/5_yo_having_difficulties_with_potty_training/,Reddit r/ADHDparenting,~2023-10 (est. from post ID),,Reddit,SNIPPET,late training (3.5y+ still not trained),,,,,,,,Neutrality,problem,,,ND / sensory parent; late-trainer parent,
S039,"ADHD and kids wetting themselves: firstly we often have lowered interoception, meaning she might not notice she needs to pee/poo until its ...",https://www.reddit.com/r/ADHDparenting/comments/1dnpcsr/at_what_age_did_your_adhd_child_master_toilet/,Reddit r/ADHDparenting,~2024-06 (est. from post ID),,Reddit,SNIPPET,late training (3.5y+ still not trained); child doesn't notice wet / body signals,,feel-wet signal,,,,,,Neutrality,problem,,,ND / sensory parent,
S040,I am desperate for help. My daughter cannot stop what she is doing to go pee and pees her pants all day long. She also withholds poop.,https://www.reddit.com/r/ADHDparenting/comments/1egsbet/6_year_old_adhdc_wont_go_to_the_bathroom/,Reddit r/ADHDparenting,~2024-07 (est. from post ID),,Reddit,SNIPPET,parent burnout; withholding / poop refusal; daily accidents at school/daycare,,,,,,,,Fear,problem,,,ND / sensory parent; withholding parent; school-age accidents parent,I am desperate for help
S041,"If her brain can't hear her bladder, she needs a workaround.",https://www.reddit.com/r/adhdwomen/comments/1d8qoqa/help_adhd_mom_of_an_adhd_daughter_here_any_advice/,Reddit r/adhdwomen,~2024-06 (est. from post ID),,Reddit,SNIPPET,child doesn't notice wet / body signals,,,,,,,,Neutrality,problem,,,ND / sensory parent,If her brain can't hear her bladder
S042,ADHD and Autistic kids just seem to develop the bodily awareness more slowly than typical peers.,https://www.reddit.com/r/ADHDparenting/comments/1wqcv6q/adhd_and_potty_training/,Reddit r/ADHDparenting,~2026-10 (est. from post ID),,Reddit,SNIPPET,child doesn't notice wet / body signals,,,,,,,,Neutrality,problem,,,ND / sensory parent,
S043,"Out of ideas, almost 6-year-old won't stop peeing his pants. / Potty trained child will not stop peeing his pants because he just doesn't care.",https://www.reddit.com/r/ADHDparenting/comments/1r8k9mm/out_of_ideas_almost_6yearold_wont_stop_peeing_his/,Reddit r/ADHDparenting,~2026-02 (est. from post ID),,Reddit,SNIPPET,daily accidents at school/daycare; child doesn't notice wet / body signals; child refuses,,,,,,,,Fear,problem,,,ND / sensory parent; school-age accidents parent,
S044,My son (ADHD) doesn't have any interest in potty training and doesn't seem to notice when he goes.,https://www.reddit.com/r/Parenting/comments/1o66b0i/toilet_training_boys/,Reddit r/Parenting,~2025-10 (est. from post ID),,Reddit,SNIPPET,child doesn't notice wet / body signals,,feel-wet signal,,,,,,Neutrality,problem,,,ND / sensory parent,
S045,My 7 yo still has accidents because he hates interrupting his playtime,https://www.reddit.com/r/pottytraining/comments/pj0y9k/my_7_yo_still_has_accidents_because_he_hates/,Reddit r/pottytraining,~2021-08 (est. from post ID),,Reddit,SNIPPET,late training (3.5y+ still not trained); daily accidents at school/daycare,,,,,,,,Neutrality,problem,,,ND / sensory parent; school-age accidents parent,
S046,"With the lack of interoception and/or adhd they can get constipated, causing more pee accidents. / 5yo still not toilet trained",https://www.reddit.com/r/Parenting/comments/1kbnp92/5yo_still_not_toilet_trained/,Reddit r/Parenting,~2025-05 (est. from post ID),,Reddit,SNIPPET,late training (3.5y+ still not trained); withholding / poop refusal; daily accidents at school/daycare; child doesn't notice wet / body signals,,,,,,,constipation causes accidents,Neutrality,problem,,,ND / sensory parent; withholding parent; school-age accidents parent,
S047,It was explained to me that it has to do with the ADHD trait of task initiation and transitioning to another one.,https://www.reddit.com/r/ADHD/comments/1wb2hmq/kids_holding_in_peepoop_until_the_last_minute/,Reddit r/ADHD,~2026-09 (est. from post ID),,Reddit,SNIPPET,,,,,,,,,Neutrality,problem,,,ND / sensory parent,
S048,Potty training a 4yo boy with speech delay *no shaming please,https://www.reddit.com/r/pottytraining/comments/mw8afg/potty_training_a_4yo_boy_with_speech_delay_no/,Reddit r/pottytraining,~2021-04 (est. from post ID),,Reddit,SNIPPET,late training (3.5y+ still not trained); child can't communicate need,,,,,,,,Neutrality,problem,,,ND / sensory parent; late-trainer parent,
S049,He cannot say peepee/pee or poo/poopoo and he doesnt have ...,https://www.reddit.com/r/speechdelays/comments/1t21jj7/potty_training_with_a_speech_delay/,Reddit r/speechdelays,~2026-05 (est. from post ID),,Reddit,SNIPPET,child can't communicate need,,,,,,,,Neutrality,problem,,,ND / sensory parent,
S050,4-year-old refusing potty training + speech delay. Feeling ...,https://www.reddit.com/r/pottytraining/comments/1pcuhk2/4yearold_refusing_potty_training_speech_delay/,Reddit r/pottytraining,~2025-12 (est. from post ID),,Reddit,SNIPPET,late training (3.5y+ still not trained); child can't communicate need,,,,,,,,Fear,problem,,,ND / sensory parent; late-trainer parent,
S051,"My daughter was speech delayed, she wasn't potty trained til a little past 3.5",https://www.reddit.com/r/pottytraining/comments/1g4l309/potty_training_almost_3yo_with_speech_delays/,Reddit r/pottytraining,~2024-10 (est. from post ID),,Reddit,SNIPPET,late training (3.5y+ still not trained); child can't communicate need,,,,,,,,Neutrality,problem,,,ND / sensory parent; late-trainer parent,
S052,my almost three year old has a speech delay and can't understand the concept of using the potty.,https://www.reddit.com/r/toddlers/comments/pefrd2/potty_training_a_non_verbal_toddler/,Reddit r/toddlers,~2021-08 (est. from post ID),,Reddit,SNIPPET,late training (3.5y+ still not trained); child can't communicate need,,,,,,,,Neutrality,problem,,,ND / sensory parent,
S053,"My son has an isolated expressive speech delay and is not yet potty trained (3 and 3 mos). From what I've read, there is a high correlation",https://www.reddit.com/r/Parenting/comments/afork0/3_12_yo_still_not_potty_trained_so_frustrated/,Reddit r/Parenting,~2019-01 (est. from post ID),,Reddit,SNIPPET,late training (3.5y+ still not trained); child can't communicate need,,,,,,,,Neutrality,problem,,,ND / sensory parent; late-trainer parent,
S054,"My son is just about to turn 4 and is also not potty trained. We were lucky that my son was diagnosed with sensory issues / Being judged because my son doesn't sleep, screams, and isn't ...",https://www.reddit.com/r/Parenting/comments/ldalx9/being_judged_because_my_son_doesnt_sleep_screams/,Reddit r/Parenting,~2021-02 (est. from post ID),,Reddit,SNIPPET,late training (3.5y+ still not trained); judgment / shame from others,,,,,,,,Neutrality,problem,,,ND / sensory parent; late-trainer parent,
S055,"Every kid is different, and while age 4 may seem pretty late for potty-training, it honestly may be the right move / 4 year olds not potty trained",https://www.reddit.com/r/Preschoolers/comments/1dzhddr/4_year_olds_not_potty_trained/,Reddit r/Preschoolers,~2024-07 (est. from post ID),,Reddit,SNIPPET,late training (3.5y+ still not trained),,,,,,,,Neutrality,problem,,,late-trainer parent,
S056,Shamed Over 3yo Boy Not Potty Trained Yet / My 4 year old is not pee trained.,https://www.reddit.com/r/beyondthebump/comments/1l4w6s7/shamed_over_3yo_boy_not_potty_trained_yet/,Reddit r/beyondthebump,~2025-06 (est. from post ID),,Reddit,SNIPPET,late training (3.5y+ still not trained); judgment / shame from others,,,,,,,,Shame,problem,,,late-trainer parent,
S057,"I'm sorry, but a 3 year old should be potty trained unless there's a developmental delay",https://www.reddit.com/r/beyondthebump/comments/1l4w6s7/shamed_over_3yo_boy_not_potty_trained_yet/,Reddit r/beyondthebump,~2025-06 (est. from post ID),,Reddit,SNIPPET,judgment / shame from others,,,,,,,,Neutrality,problem,,,general toddler parent,
S058,33 month old nowhere near potty trained and it's honestly embarrassing,https://www.reddit.com/r/toddlers/comments/qhtqf0/33_month_old_nowhere_near_potty_trained_and_its/,Reddit r/toddlers,~2021-10 (est. from post ID),,Reddit,SNIPPET,parent shame / embarrassment,,,,,,,,Shame,problem,,,general toddler parent,it's honestly embarrassing
S059,My almost 4 year old daughter refuses to use the potty at school or at home. She throws fits and cries and just won't do it no matter what,https://www.reddit.com/r/Parenting/comments/1r3chg0/almost_4_yr_old_girl_refuses_to_potty_train/,Reddit r/Parenting,~2026-02 (est. from post ID),,Reddit,SNIPPET,late training (3.5y+ still not trained); deadline pressure (daycare/school rule); child refuses,daycare/school-ready,,,,school start (K/Reception),,,Fear,problem,,,working parent / daycare; late-trainer parent,
S060,3 1/2 y/o STILL not potty trained. So frustrated. Need advice/support,https://www.reddit.com/r/Parenting/comments/afork0/3_12_yo_still_not_potty_trained_so_frustrated/,Reddit r/Parenting,~2019-01 (est. from post ID),,Reddit,SNIPPET,late training (3.5y+ still not trained); parent burnout,,,,,,,,Apathy,problem,,,late-trainer parent,
S061,He has no developmental delays. He is extraordinarily will NOT use the potty. He just REFUSES.,https://www.reddit.com/r/toddlers/comments/1heenqj/my_35_year_old_still_isnt_potty_trained/,Reddit r/toddlers,~2024-12 (est. from post ID),,Reddit,SNIPPET,late training (3.5y+ still not trained); child refuses,,,,,,,,Fear,problem,,,late-trainer parent,
S062,At my wits end with almost 4 year old who still is not fully potty trained.,https://www.reddit.com/r/Parenting/comments/1tx8nzt/at_my_wits_end_with_almost_4_year_old_who_still/,Reddit r/Parenting,~2026-06 (est. from post ID),,Reddit,SNIPPET,late training (3.5y+ still not trained); parent burnout,,,,,,,,Apathy,problem,,,late-trainer parent,
S063,HELP-my 4.5 year old refuses to potty train and I'm about to lose ...,https://www.reddit.com/r/breakingmom/comments/1gijcvr/helpmy_45_year_old_refuses_to_potty_train_and_im/,Reddit r/breakingmom,~2024-11 (est. from post ID),,Reddit,SNIPPET,late training (3.5y+ still not trained); parent burnout; child refuses,,,,,,,,Fear,problem,,,late-trainer parent,
S064,With the meltdown and the potty training issue....it could be lazy parenting or it could be autism,https://www.reddit.com/r/AskParents/comments/11w3pzi/5_yr_old_nephew_not_potty_trained_am_i_being_over/,Reddit r/AskParents,~2023-03 (est. from post ID),,Reddit,SNIPPET,late training (3.5y+ still not trained); judgment / shame from others,,,,,,late training = lazy parenting,,Neutrality,problem,,,ND / sensory parent; late-trainer parent,
S065,What ultimately potty trained her was embarrassment in front of her friends. She started prek.,https://www.reddit.com/r/pottytraining/comments/1le21lu/am_i_the_only_one_with_a_45_year_old_who_seems/,Reddit r/pottytraining,~2025-06 (est. from post ID),,Reddit,SNIPPET,late training (3.5y+ still not trained); child shame / embarrassment,,,,,,,,Shame,problem,,,late-trainer parent,
S066,Shamed by daycare over potty training,https://www.reddit.com/r/toddlers/comments/1s2tu46/shamed_by_daycare_over_potty_training/,Reddit r/toddlers,~2026-03 (est. from post ID),,Reddit,SNIPPET,deadline pressure (daycare/school rule); judgment / shame from others,daycare/school-ready,,,,daycare/preschool deadline,,,Shame,problem,,,working parent / daycare,Shamed by daycare over potty training
S067,"I've stopped asking him if he needs to go potty or if he wants to sit on the potty because the answer is always ""No!"".",https://www.reddit.com/r/toddlers/comments/18wz9x8/how_on_earth_do_you_potty_train_an_almost3yearold/,Reddit r/toddlers,~2024-01 (est. from post ID),,Reddit,SNIPPET,late training (3.5y+ still not trained),,,,,,,,Neutrality,problem,,,late-trainer parent,
S068,4.5yr old has failed potty training... what do I do next?,https://www.reddit.com/r/Parenting/comments/b6e76p/45yr_old_has_failed_potty_training_what_do_i_do/,Reddit r/Parenting,~2019-03 (est. from post ID),,Reddit,SNIPPET,late training (3.5y+ still not trained),,,,3-day / Oh Crap method,,,,Neutrality,solution,nothing works,,late-trainer parent,
S069,"Potty training at 4 after ""failing"" at 3 and finally understanding every kid is on their own timeline",https://www.reddit.com/r/toddlers/comments/1tw91r0/potty_training_my_3_year_old_has_been_a_disaster/,Reddit r/toddlers,~2026-06 (est. from post ID),,Reddit,SNIPPET,late training (3.5y+ still not trained),no-pressure process,,,,,,every kid own timeline,Acceptance,solution,,,late-trainer parent,every kid is on their own timeline
S070,"Potty training makes me hate myself, dislike my child, and is one of the most frustrating things I've done as a parent.",https://www.reddit.com/r/breakingmom/comments/10iqv6t/potty_training_makes_me_hate_myself_dislike_my/,Reddit r/breakingmom,~2023-01 (est. from post ID),,Reddit,SNIPPET,parent guilt; parent burnout,,,,,,,,Anger,problem,,,general toddler parent,Potty training makes me hate myself
S071,The ikder relative would say he should be potty trained by 2! Well I didn't pressure him to do it and waiting for signs from him.,https://www.reddit.com/r/breakingmom/comments/10iqv6t/potty_training_makes_me_hate_myself_dislike_my/,Reddit r/breakingmom,~2023-01 (est. from post ID),,Reddit,SNIPPET,judgment / shame from others,,,,,relative judgment,should be trained by 2/3,,Neutrality,problem,,,general toddler parent,
S072,UPDATE MIL and FIL telling me to potty train,https://www.reddit.com/r/JUSTNOMIL/comments/bb9bcb/update_mil_and_fil_telling_me_to_potty_train/,Reddit r/JUSTNOMIL,~2019-03 (est. from post ID),,Reddit,SNIPPET,judgment / shame from others,,,,,relative judgment,,,Neutrality,problem,,,general toddler parent,
S073,Apparently my 18 month old should be potty trained by now.,https://www.reddit.com/r/Mommit/comments/1df3lc0/im_going_to_scream/,Reddit r/Mommit,~2024-06 (est. from post ID),,Reddit,SNIPPET,judgment / shame from others,,,,,,should be trained by 2/3,,Neutrality,problem,,,general toddler parent,
S074,should be potty trained by now and looks of disgust at realising she is still in a nappy/diaper. Makes me feel like a bad mother.,https://www.reddit.com/r/breakingmom/comments/gr190t/having_a_dog_is_not_the_same_as_having_a_kid/,Reddit r/breakingmom,~2020-05 (est. from post ID),,Reddit,SNIPPET,judgment / shame from others,,,,,,should be trained by 2/3,,Shame,problem,,,general toddler parent,Makes me feel like a bad mother
S075,My mother also told me my 16 month old should be potty trained by now..,https://www.reddit.com/r/Mommit/comments/1bja9wc/whats_the_most_ridiculous_thing_someone_has_said/,Reddit r/Mommit,~2024-04 (est. from post ID),,Reddit,SNIPPET,judgment / shame from others,,,,,relative judgment,should be trained by 2/3,,Neutrality,problem,,,general toddler parent,
S076,It's an outdated belief that kids should be potty trained at 2. I let my kids use the potty when they felt ready.,https://www.reddit.com/r/toddlers/comments/17e15vr/hes_never_going_to_learn_to_poop/,Reddit r/toddlers,~2023-10 (est. from post ID),,Reddit,SNIPPET,judgment / shame from others,no-pressure process,,,,,,every kid own timeline,Acceptance,solution,,,general toddler parent,
S077,Five year olds most definitely should be potty trained. Not being fully potty trained by this age represents a sever developmental delay.,https://www.reddit.com/r/nottheonion/comments/1ai360b/why_this_utah_lawmaker_wants_kids_to_be_potty/,Reddit r/nottheonion,~2024-03 (est. from post ID),,Reddit,SNIPPET,deadline pressure (daycare/school rule); judgment / shame from others,daycare/school-ready,,,,daycare/preschool deadline,untrained at 5 = severe delay,,Anger,problem,,,commentator,
S078,unless there is a true developmental reason every child should be potty trained.,https://www.reddit.com/r/Teachers/comments/1tdz1en/a_school_district_in_maryland_now_expects/,Reddit r/Teachers,~2026-05 (est. from post ID),,Reddit,SNIPPET,deadline pressure (daycare/school rule); judgment / shame from others,daycare/school-ready,,,,daycare/preschool deadline,,,Neutrality,problem,,,childcare worker,
S079,Potty training is breaking me. / I've tried everything from snacks ...,https://www.reddit.com/r/Parenting/comments/rztdng/potty_training_is_breaking_me/,Reddit r/Parenting,~2022-01 (est. from post ID),,Reddit,SNIPPET,parent burnout,,,,tried everything,,,,Apathy,problem,tried everything,,general toddler parent,Potty training is breaking me.
S080,I feel like a failure and like I'm confusing her,https://www.reddit.com/r/Mommit/comments/1hv8cv3/feeling_like_a_failure_with_potty_training/,Reddit r/Mommit,~2025-01 (est. from post ID),,Reddit,SNIPPET,parent guilt,,,,,,,,Guilt,problem,,,general toddler parent,
S081,"I feel like a failure. I was obliterated by these ""parents"" that I was asking advice from as being a terrible mother",https://www.reddit.com/r/pottytraining/comments/189jfsu/failing_at_potty_training_my_almost_4yo/,Reddit r/pottytraining,~2023-12 (est. from post ID),,Reddit,SNIPPET,late training (3.5y+ still not trained); judgment / shame from others; parent guilt,,,,,,,,Guilt,problem,,,late-trainer parent,
S082,I hate comparing kids with milestones but my mom guilt is hitting really hard and I feel like a failure.,https://www.reddit.com/r/toddlers/comments/1ia7dji/mom_guilt_and_potty_training_advice/,Reddit r/toddlers,~2025-01 (est. from post ID),,Reddit,SNIPPET,parent guilt,,,,,relative judgment,,,Anger,problem,,,general toddler parent,
S083,Potty training makes me feel like such a terrible parent,https://www.reddit.com/r/pottytraining/comments/1hdl5f7/potty_training_makes_me_feel_like_such_a_terrible/,Reddit r/pottytraining,~2024-12 (est. from post ID),,Reddit,SNIPPET,parent guilt,,,,,,,,Guilt,problem,,,general toddler parent,
S084,Potty training is my lowest point of parenting,https://www.reddit.com/r/toddlers/comments/151zha4/potty_training_is_my_lowest_point_of_parenting/,Reddit r/toddlers,~2023-07 (est. from post ID),,Reddit,SNIPPET,parent burnout,,,,,,,,Apathy,problem,,,general toddler parent,my lowest point of parenting
S085,I don't know why I can't get him to be potty trained at 3.5 years old. I feel like a failure.,https://www.reddit.com/r/toddlers/comments/1evmsn9/i_am_a_failure_at_potty_training/,Reddit r/toddlers,~2024-08 (est. from post ID),,Reddit,SNIPPET,late training (3.5y+ still not trained); parent guilt,,,,,,,,Guilt,problem,,,late-trainer parent,
S086,Potty training struggles are making me resent my toddler / I'm getting so mad although I'm really trying hard not to show it.,https://www.reddit.com/r/toddlers/comments/1iceji3/potty_training_struggles_are_making_me_resent_my/,Reddit r/toddlers,~2025-02 (est. from post ID),,Reddit,SNIPPET,parent guilt; parent burnout,,,,,,,,Anger,problem,,,general toddler parent,making me resent my toddler
S087,Please tell me I'm not alone. I f*cking hate potty training.,https://www.reddit.com/r/Parenting/comments/1jq115p/please_tell_me_im_not_alone_i_fcking_hate_potty/,Reddit r/Parenting,~2025-04 (est. from post ID),,Reddit,SNIPPET,parent guilt; parent burnout,,,,,,,,Anger,problem,,,general toddler parent,I f*cking hate potty training.
S088,"Preschool starts next month and my 3 y/o isn't potty trained. / We've been ""trying"" for over a year now.",https://www.reddit.com/r/pottytraining/comments/1tewz8e/preschool_starts_next_month_and_my_3_yo_isnt/,Reddit r/pottytraining,~2026-05 (est. from post ID),,Reddit,SNIPPET,deadline pressure (daycare/school rule),daycare/school-ready,,,,daycare/preschool deadline,,,Neutrality,problem,,,working parent / daycare,
S089,if your kid isn't trained by 3 they end up stuck in Transitional,https://www.reddit.com/r/pottytraining/comments/1ckddrh/daycare_said_kids_have_to_be_fully_potty_trained/,Reddit r/pottytraining,~2024-05 (est. from post ID),,Reddit,SNIPPET,deadline pressure (daycare/school rule),daycare/school-ready,,,,daycare/preschool deadline,,,Fear,problem,,,working parent / daycare,
S090,"The ""potty trained by age 3"" is a pretty standard requirement for most preschools. The ""no pull-ups at night"" piece is questionable",https://www.reddit.com/r/workingmoms/comments/198dp2p/has_anyone_fully_pottytrained_their_kid_by_3/,Reddit r/workingmoms,~2024-01 (est. from post ID),,Reddit,SNIPPET,deadline pressure (daycare/school rule); night wetting,daycare/school-ready; dry nights,,,,daycare/preschool deadline,,,Neutrality,solution,,,working parent / daycare; night / bedwetting parent,
S091,Help before we get kicked out of preschool / Most preschools require 3 year olds to be fully potty trained.,https://www.reddit.com/r/Preschoolers/comments/1vi8ypi/help_before_we_get_kicked_out_of_preschool/,Reddit r/Preschoolers,~2026-08 (est. from post ID),,Reddit,SNIPPET,deadline pressure (daycare/school rule),daycare/school-ready,,,,daycare/preschool deadline,,,Fear,problem,,,working parent / daycare,Help before we get kicked out of preschool
S092,"Opinions on daycare ""forcing"" kids to be potty trained by age 3? / Ours does this. It's not uncommon.",https://www.reddit.com/r/toddlers/comments/1idngfo/opinions_on_daycare_forcing_kids_to_be_potty/,Reddit r/toddlers,~2025-02 (est. from post ID),,Reddit,SNIPPET,deadline pressure (daycare/school rule),daycare/school-ready,,,,daycare/preschool deadline,,,Neutrality,problem,,,working parent / daycare,
S093,3 y/o must be potty trained in one month or be dismissed from care.,https://www.reddit.com/r/pottytraining/comments/17kjqkw/3_yo_must_be_potty_trained_in_one_month_or_be/,Reddit r/pottytraining,~2023-10 (est. from post ID),,Reddit,SNIPPET,deadline pressure (daycare/school rule),daycare/school-ready,,,,daycare/preschool deadline,,,Fear,problem,,,working parent / daycare,be dismissed from care
S094,says they must be potty trained by 3 and if they have too many accidents they will unenroll your child,https://www.reddit.com/r/Preschoolers/comments/1diysxf/how_are_you_finding_preschools_for_23yo_that_dont/,Reddit r/Preschoolers,~2024-06 (est. from post ID),,Reddit,SNIPPET,deadline pressure (daycare/school rule),daycare/school-ready,,,,daycare/preschool deadline,,,Fear,problem,,,working parent / daycare; twins parent,
S095,3-year-old son vehemently resists toilet training; preschool wants him ...,https://www.reddit.com/r/Parenting/comments/quwlv7/3yearold_son_vehemently_resists_toilet_training/,Reddit r/Parenting,~2021-11 (est. from post ID),,Reddit,SNIPPET,deadline pressure (daycare/school rule),daycare/school-ready,,,,daycare/preschool deadline,,,Fear,problem,,,working parent / daycare,
S096,must be toileting independent before they are even accepted in (and if parents lie about that ...,https://www.reddit.com/r/ECEProfessionals/comments/1laf8ff/new_preschool_potty_training_rules_help_please/,Reddit r/ECEProfessionals,~2025-06 (est. from post ID),,Reddit,SNIPPET,deadline pressure (daycare/school rule),daycare/school-ready,,,,daycare/preschool deadline,,,Neutrality,problem,,,childcare worker,
S097,We chose a church preschool largely because it didn't require potty trained 3 year olds.,https://www.reddit.com/r/Preschoolers/comments/1qc2cpj/how_can_i_find_a_3k_program_for_my_kid_that/,Reddit r/Preschoolers,~2026-01 (est. from post ID),,Reddit,SNIPPET,deadline pressure (daycare/school rule),daycare/school-ready,,,,daycare/preschool deadline,,,Neutrality,problem,,,working parent / daycare,
S098,3 day potty method…. Didn't really work. Now back to daycare ...,https://www.reddit.com/r/workingmoms/comments/1ot0pzv/3_day_potty_method_didnt_really_work_now_back_to/,Reddit r/workingmoms,~2025-11 (est. from post ID),,Reddit,SNIPPET,deadline pressure (daycare/school rule),daycare/school-ready,,,Pull-Ups / disposables; 3-day / Oh Crap method,daycare/preschool deadline,,,Apathy,solution,nothing works,,working parent / daycare,
S099,Next level poop withholding 2.5 y/o- HELP,https://www.reddit.com/r/pottytraining/comments/10unh1h/next_level_poop_withholding_25_yo_help/,Reddit r/pottytraining,~2023-02 (est. from post ID),,Reddit,SNIPPET,withholding / poop refusal,,,,,,,,Fear,problem,,,withholding parent,
S100,Toddler's fear of poop is running our lives / she then became constipated — she seemed to be in a lot of pain.,https://www.reddit.com/r/pottytraining/comments/ue417n/toddlers_fear_of_poop_is_running_our_lives/,Reddit r/pottytraining,~2022-05 (est. from post ID),,Reddit,SNIPPET,parent burnout; withholding / poop refusal,,,,,,,constipation causes accidents,Apathy,problem,,,withholding parent,running our lives
S101,Why do toddlers refuse to poop even to the point of holding their butt ...,https://www.reddit.com/r/toddlers/comments/qykkkk/why_do_toddlers_refuse_to_poop_even_to_the_point/,Reddit r/toddlers,~2021-11 (est. from post ID),,Reddit,SNIPPET,withholding / poop refusal; child refuses,,,,,,,,Neutrality,problem,,,withholding parent,
S102,Extreme poop withholding - toddler / the best and easiest solution is Miralax.,https://www.reddit.com/r/moderatelygranolamoms/comments/1ielaqx/extreme_poop_withholding_toddler/,Reddit r/moderatelygranolamoms,~2025-02 (est. from post ID),,Reddit,SNIPPET,withholding / poop refusal,,washable / reusable,,Miralax / medical,,,,Pride,solution,,,withholding parent; eco / cloth parent,
S103,My son has been constipated since birth but it worsened during potty training.,https://www.reddit.com/r/toddlers/comments/1frs8ja/what_helped_your_toddler_stop_holding_poop/,Reddit r/toddlers,~2024-10 (est. from post ID),,Reddit,SNIPPET,withholding / poop refusal,,,,,,,constipation causes accidents,Neutrality,problem,,,withholding parent,
S104,My 3-year-old is now scared to poop after one bad ...,https://www.reddit.com/r/toddlers/comments/1kdkwd6/my_3yearold_is_now_scared_to_poop_after_one_bad/,Reddit r/toddlers,~2025-05 (est. from post ID),,Reddit,SNIPPET,withholding / poop refusal,,,,,one painful poop,,,Fear,problem,,,withholding parent,
S105,"give her regular Miralax, be encouraging, but not pushy and try to let her go at her own pace.",https://www.reddit.com/r/Parenting/comments/1i19e98/poop_fear_withholding_potty_refusal_how_did_it/,Reddit r/Parenting,~2025-01 (est. from post ID),,Reddit,SNIPPET,withholding / poop refusal,no-pressure process,,,Miralax / medical,,,,Acceptance,solution,,,withholding parent,
S106,Do you give your potty training toddler a pull up so they can poop?,https://www.reddit.com/r/toddlers/comments/1j09sed/do_you_give_your_potty_training_toddler_a_pull_up/,Reddit r/toddlers,~2025-03 (est. from post ID),,Reddit,SNIPPET,withholding / poop refusal,,,,Pull-Ups / disposables,,,,Neutrality,solution,,,withholding parent,
S107,3yo severe poop withholding. We've tried EVERYTHING. Facing ...,https://www.reddit.com/r/toddlers/comments/1uzmvxu/3yo_severe_poop_withholding_weve_tried_everything/,Reddit r/toddlers,~2026-07 (est. from post ID),,Reddit,SNIPPET,parent burnout; withholding / poop refusal,,,,tried everything,,,,Apathy,problem,tried everything,,withholding parent,
S108,Poop is ruining my life…. 2 months of stool witholding and I am mentally ...,https://www.reddit.com/r/toddlers/comments/1le66cl/poop_is_ruining_my_life_2_months_of_stool/,Reddit r/toddlers,~2025-06 (est. from post ID),,Reddit,SNIPPET,parent burnout; withholding / poop refusal,,,,,,,,Apathy,problem,,,withholding parent,Poop is ruining my life
S109,Our 3 year old is actively withholding poop and it's starting to wreck us as ...,https://www.reddit.com/r/toddlers/comments/1vv9l93/our_3_year_old_is_actively_withholding_poop_and/,Reddit r/toddlers,~2026-09 (est. from post ID),,Reddit,SNIPPET,parent burnout; withholding / poop refusal,,,,,,,,Apathy,problem,,,withholding parent,
S110,"3 yr old scared to poop, holds for days need advice from parents",https://www.reddit.com/r/pottytraining/comments/1qo1xs0/3_yr_old_scared_to_poop_holds_for_days_need/,Reddit r/pottytraining,~2026-02 (est. from post ID),,Reddit,SNIPPET,withholding / poop refusal,,,,,,,,Fear,problem,,,withholding parent,
S111,5yo still wears a pullup at night. I want to train him out of it.,https://www.reddit.com/r/daddit/comments/1l1hc42/5yo_still_wears_a_pullup_at_night_i_want_to_train/,Reddit r/daddit,~2025-06 (est. from post ID),,Reddit,SNIPPET,night wetting,dry nights,,,,,,,Neutrality,solution,,,night / bedwetting parent; dad,
S112,Aghhh!! 5 year old & leaking night pull-ups,https://www.reddit.com/r/pottytraining/comments/vtys6x/aghhh_5_year_old_leaking_night_pullups/,Reddit r/pottytraining,~2022-07 (est. from post ID),,Reddit,SNIPPET,leaks / soaked bed at night,dry nights,leakproof at night,,Pull-Ups / disposables,soaked bed,,,Anger,solution,,,night / bedwetting parent,
S113,6-year-old (almost 7) still in pull-ups at night… looking for advice,https://www.reddit.com/r/Mommit/comments/1qfhjkt/6yearold_almost_7_still_in_pullups_at_night/,Reddit r/Mommit,~2026-01 (est. from post ID),,Reddit,SNIPPET,night wetting,dry nights,,,,,,,Neutrality,solution,,,night / bedwetting parent,
S114,I actually have so much trauma and shame from my bedwetting growing up. My siblings used to be so cruel about it.,https://www.reddit.com/r/Mommit/comments/1qfhjkt/6yearold_almost_7_still_in_pullups_at_night/,Reddit r/Mommit,~2026-01 (est. from post ID),,Reddit,SNIPPET,child shame / embarrassment; night wetting,dry nights,,,,,,,Shame,problem,,,night / bedwetting parent,
S115,"Wetting the bed is a developmental stage, not a skill. pullups at five years old, at night, is perfectly normal and fine.",https://www.reddit.com/r/Parenting/comments/1kkes4i/is_my_child_too_old_for_pull_ups_at_night/,Reddit r/Parenting,~2025-05 (est. from post ID),,Reddit,SNIPPET,night wetting,dry nights,,,,,,night dryness is developmental,Neutrality,solution,,,night / bedwetting parent,"a developmental stage, not a skill"
S116,4.5 yo son wets bed everynight but doesn't want pull-ups / Putting them in training underwear helped. They both don't want to be in diapers,https://www.reddit.com/r/daddit/comments/1b8wm4m/45_yo_son_wets_bed_everynight_but_doesnt_want/,Reddit r/daddit,~2024-04 (est. from post ID),,Reddit,SNIPPET,night wetting,child dignity / real underwear; dry nights,absorbency that holds a pee,,training underwear (generic),,,,Fear,solution,,,night / bedwetting parent; dad,
S117,My 4.5 year old is leaking through his pull-up at night frequently - help!,https://www.reddit.com/r/Preschoolers/comments/1nn09fi/my_45_year_old_is_leaking_through_his_pullup_at/,Reddit r/Preschoolers,~2025-09 (est. from post ID),,Reddit,SNIPPET,leaks / soaked bed at night,dry nights,leakproof at night,,Pull-Ups / disposables,soaked bed,,,Fear,solution,,,night / bedwetting parent,
S118,My 7-year old daughter won't go one night without wetting the bed…,https://www.reddit.com/r/breakingmom/comments/sa4dwk/my_7year_old_daughter_wont_go_one_night_without/,Reddit r/breakingmom,~2022-01 (est. from post ID),,Reddit,SNIPPET,parent burnout; night wetting; child refuses,dry nights,,,,,,,Fear,problem,,,night / bedwetting parent,
S119,He (will be 7 in 2 months) is embarrassed that he still wears a pull-up at night.,https://www.reddit.com/r/AskParents/comments/pppg8h/7_yo_son_wants_to_stop_night_pullups_but/,Reddit r/AskParents,~2021-09 (est. from post ID),,Reddit,SNIPPET,child shame / embarrassment; night wetting,dry nights,,,,,,,Shame,solution,,,night / bedwetting parent,embarrassed that he still wears a pull-up
S120,My husband is telling me night time diapers for kids is shaming.,https://www.reddit.com/r/daddit/comments/14tg446/my_husband_is_telling_me_night_time_diapers_for/,Reddit r/daddit,~2023-07 (est. from post ID),,Reddit,SNIPPET,child shame / embarrassment; night wetting,dry nights,,,,,,,Shame,problem,,,night / bedwetting parent; dad,
S121,He refused to wear a pull up after turning 7 it embarrassed him.,https://www.reddit.com/r/kindergarten/comments/1o2da03/any_kiddos_this_age_still_in_pull_ups_overnight/,Reddit r/kindergarten,~2025-10 (est. from post ID),,Reddit,SNIPPET,child shame / embarrassment; night wetting; child refuses,dry nights,,,,,,,Shame,solution,,,night / bedwetting parent,
S122,11m still wetting the bed and I have to keep denying him sleepovers,https://www.reddit.com/r/Parenting/comments/15ifxdr/11m_still_wetting_the_bed_and_i_have_to_keep/,Reddit r/Parenting,~2023-07 (est. from post ID),,Reddit,SNIPPET,child shame / embarrassment; night wetting,dry nights; sleepovers without shame,,,,sleepover invite,,,Shame,problem,,,night / bedwetting parent,keep denying him sleepovers
S123,"coach him on getting ready for bed in private (like the bathroom) so his peers don't see his pull-up, as I assume he'd be embarrassed",https://www.reddit.com/r/Mommit/comments/w4zcju/10_year_old_invited_to_his_first_sleepover_but/,Reddit r/Mommit,~2022-08 (est. from post ID),,Reddit,SNIPPET,child shame / embarrassment; night wetting,dry nights,discreet,,,,,,Shame,solution,,,night / bedwetting parent,
S124,"Anyone else have a slightly older (6, boy in my case) still sleeping in pull ... / don't make him feel any shame for using pull-ups!",https://www.reddit.com/r/daddit/comments/1f2gb4u/anyone_else_have_a_slightly_older_6_boy_in_my/,Reddit r/daddit,~2024-08 (est. from post ID),,Reddit,SNIPPET,night wetting,dry nights,,,,,,no shame approach,Neutrality,solution,,,night / bedwetting parent; dad,
S125,"Help, we're at our wits end. Kindergartener has accidents daily",https://www.reddit.com/r/kindergarten/comments/1kac79i/help_were_at_our_wits_end_kindergartener_has/,Reddit r/kindergarten,~2025-05 (est. from post ID),,Reddit,SNIPPET,deadline pressure (daycare/school rule); daily accidents at school/daycare,daycare/school-ready,,,,school start (K/Reception),,,Apathy,problem,,,working parent / daycare; school-age accidents parent,
S126,Almost 5 years old and he still pee his pants EVERY SINGLE DAY / a potty watch! It reminds them to go potty on a schedule,https://www.reddit.com/r/Preschoolers/comments/1l9vr7a/almost_5_years_old_and_he_still_pee_his_pants/,Reddit r/Preschoolers,~2025-06 (est. from post ID),,Reddit,SNIPPET,daily accidents at school/daycare,,routine / reminder system,,,,,,Neutrality,problem,,,school-age accidents parent,
S127,Majority of pee accidents at this age are caused by long term constipation,https://www.reddit.com/r/pottytraining/comments/1kpyuzr/5_year_old_still_having_accidents_daily/,Reddit r/pottytraining,~2025-05 (est. from post ID),,Reddit,SNIPPET,withholding / poop refusal; daily accidents at school/daycare,,,,,,,constipation causes accidents,Neutrality,problem,,,withholding parent; school-age accidents parent,
S128,"My daughter still has pee accidents almost daily in pre-K. She turns 5 in a couple weeks, starting kindergarten in the fall.",https://www.reddit.com/r/kindergarten/comments/1rivcec/potty_accidents_starting_kindergarten_in_the_fall/,Reddit r/kindergarten,~2026-03 (est. from post ID),,Reddit,SNIPPET,deadline pressure (daycare/school rule); daily accidents at school/daycare,daycare/school-ready,,,,school start (K/Reception),,,Neutrality,problem,,,working parent / daycare; school-age accidents parent,
S129,"5.5 year old pees his pants at school everyday, doesn't change clothes.",https://www.reddit.com/r/Parenting/comments/v2q182/55_year_old_pees_his_pants_at_school_everyday/,Reddit r/Parenting,~2022-06 (est. from post ID),,Reddit,SNIPPET,deadline pressure (daycare/school rule); daily accidents at school/daycare,daycare/school-ready,,,,school start (K/Reception),,,Neutrality,problem,,,working parent / daycare; school-age accidents parent,
S130,3.5 yo still having daily peeing accidents more than a year since ...,https://www.reddit.com/r/Preschoolers/comments/1pcurxl/35_yo_still_having_daily_peeing_accidents_more/,Reddit r/Preschoolers,~2025-12 (est. from post ID),,Reddit,SNIPPET,daily accidents at school/daycare,,,,,,,,Neutrality,problem,,,school-age accidents parent,
S131,"80% of the time someone is reminding her to go pee, whether at home or at ...",https://www.reddit.com/r/Preschoolers/comments/1t6xv8m/at_what_age_do_you_have_to_stop_riding_them_about/,Reddit r/Preschoolers,~2026-05 (est. from post ID),,Reddit,SNIPPET,daily accidents at school/daycare,,routine / reminder system,,,,,,Neutrality,problem,,,school-age accidents parent,
S132,now we're five weeks into him being a big brother and he has multiple accidents daily. he's 3.5 years old.,https://www.reddit.com/r/toddlers/comments/wpkyyq/any_advice_for_potty_regression_after_bringing_a/,Reddit r/toddlers,~2022-08 (est. from post ID),,Reddit,SNIPPET,regression,,,,,new sibling,,,Neutrality,problem,,,regression parent,
S133,"taking them to pick out cool new undies, reintroducing a sticker chart",https://www.reddit.com/r/Parenting/comments/1md8urs/potty_training_regression_new_sibling/,Reddit r/Parenting,~2025-08 (est. from post ID),,Reddit,SNIPPET,regression,,,,rewards / stickers / bribes,,,,Neutrality,solution,,,regression parent,
S134,6 Months Into A Regression And I'm At A Loss (4 Year Old With A New ... / went from fully potty trained with no accidents to basically not using the potty at all,https://www.reddit.com/r/pottytraining/comments/1mjgipg/6_months_into_a_regression_and_im_at_a_loss_4/,Reddit r/pottytraining,~2025-08 (est. from post ID),,Reddit,SNIPPET,parent burnout; regression,,,,,,,,Apathy,problem,,,regression parent,
S135,My 3 year old daughter was basically potty trained up until we brought my daughter home 3 weeks ago. Now she has started peeing in her pants,https://www.reddit.com/r/pottytraining/comments/vri0px/new_sibling_and_regression/,Reddit r/pottytraining,~2022-07 (est. from post ID),,Reddit,SNIPPET,regression,,,,,new sibling,,,Neutrality,problem,,,regression parent,
S136,Regression still going 3 months after new sibling,https://www.reddit.com/r/pottytraining/comments/1uu2ni8/regression_still_going_3_months_after_new_sibling/,Reddit r/pottytraining,~2026-07 (est. from post ID),,Reddit,SNIPPET,regression,,,,,new sibling,,,Neutrality,problem,,,regression parent,
S137,see if she's possibly constipated. Stool can push on the bladder causing pee accidents,https://www.reddit.com/r/pottytraining/comments/1g8dug7/at_a_loss_35_year_old_regression/,Reddit r/pottytraining,~2024-10 (est. from post ID),,Reddit,SNIPPET,withholding / poop refusal; regression,,,,,,,constipation causes accidents,Neutrality,problem,,,withholding parent; regression parent,
S138,"I know day 3 is early, but it feels so defeating, so hard, and so exhausting for everyone.",https://www.reddit.com/r/pottytraining/comments/1hlgsn1/day_3_and_i_cant_tell_if_its_working_or_if_we/,Reddit r/pottytraining,~2024-12 (est. from post ID),,Reddit,SNIPPET,parent burnout,,,,3-day / Oh Crap method,3-day weekend attempt,,,Apathy,solution,,,general toddler parent,
S139,3 day method/Oh Crap Method is really doing all of us a disservice,https://www.reddit.com/r/pottytraining/comments/1mpojmq/3_day_methodoh_crap_method_is_really_doing_all_of/,Reddit r/pottytraining,~2025-08 (est. from post ID),,Reddit,SNIPPET,,no-pressure process,,,3-day / Oh Crap method,,,,Acceptance,solution,nothing works,,general toddler parent,really doing all of us a disservice
S140,Day three of Oh Crap Method with 22 month old - it's been a disaster.,https://www.reddit.com/r/pottytraining/comments/10dpbyw/day_three_of_oh_crap_method_with_22_month_old_its/,Reddit r/pottytraining,~2023-01 (est. from post ID),,Reddit,SNIPPET,,,,,3-day / Oh Crap method,3-day weekend attempt,,,Neutrality,solution,nothing works,,general toddler parent,
S141,Throwing in the towel on day 3 of the Oh Crap! Potty Training method,https://www.reddit.com/r/Parenting/comments/b8bp1j/throwing_in_the_towel_on_day_3_of_the_oh_crap/,Reddit r/Parenting,~2019-03 (est. from post ID),,Reddit,SNIPPET,,,,,3-day / Oh Crap method,3-day weekend attempt,,,Apathy,solution,,,general toddler parent,
S142,"A lot of parents try the 3 day method and it's usually a disaster, you cant expect a toddler to go from diapers to underwear in 3 days.",https://www.reddit.com/r/toddlers/comments/1ns6z3e/first_day_of_potty_training_has_been_a_failure/,Reddit r/toddlers,~2025-10 (est. from post ID),,Reddit,SNIPPET,,,,,3-day / Oh Crap method,,,,Neutrality,solution,nothing works,,general toddler parent,
S143,3 day method over…didn't make it to the toilet one time.,https://www.reddit.com/r/pottytraining/comments/1tmt9g3/3_day_method_overdidnt_make_it_to_the_toilet_one/,Reddit r/pottytraining,~2026-06 (est. from post ID),,Reddit,SNIPPET,,,,,3-day / Oh Crap method,,,,Apathy,solution,nothing works,,general toddler parent,
S144,"No rewards, no punishments, no shame. Use pull-ups. I've helped over 100 kiddos learn to use the potty independently",https://www.reddit.com/r/toddlers/comments/1c16xsg/we_did_the_3day_potty_training_accidents_still/,Reddit r/toddlers,~2024-04 (est. from post ID),,Reddit,SNIPPET,,no-pressure process,,,3-day / Oh Crap method,,,no shame approach,Fear,solution,,experienced childcare worker,general toddler parent,"No rewards, no punishments, no shame."
S145,I hate the fact that I went into this thinking that this method was 100% full proof. It feels like an even bigger failure knowing it didn't work,https://www.reddit.com/r/pottytraining/comments/15om9un/3day_potty_training_was_a_total_bust_and_babe/,Reddit r/pottytraining,~2023-08 (est. from post ID),,Reddit,SNIPPET,parent guilt,,,,3-day / Oh Crap method,,3 days is enough,,Anger,solution,,,general toddler parent,an even bigger failure
S146,Oh crap and the three day method thing destroyed my confidence in potty training. / The author of Oh Crap can go burn in hell,https://www.reddit.com/r/toddlers/comments/1eyn3hq/the_author_of_oh_crap_can_go_burn_in_hell/,Reddit r/toddlers,~2024-08 (est. from post ID),,Reddit,SNIPPET,parent guilt,no-pressure process,,,3-day / Oh Crap method,,,,Anger,solution,,,general toddler parent,destroyed my confidence
S147,We're on day 8 of the Oh Crap method and I've never been so stressed out as a mom.,https://www.reddit.com/r/pottytraining/comments/10og1fg/tried_oh_crap_and_it_is_shit/,Reddit r/pottytraining,~2023-01 (est. from post ID),,Reddit,SNIPPET,parent burnout,,,,3-day / Oh Crap method,3-day weekend attempt,,,Apathy,solution,,,general toddler parent,
S148,"The Oh Crap book is garbage, in my opinion. The author's writing style is highly condescending",https://www.reddit.com/r/Mommit/comments/1i9nsqu/did_oh_crap_method_work_for_you/,Reddit r/Mommit,~2025-01 (est. from post ID),,Reddit,SNIPPET,,no-pressure process,,,3-day / Oh Crap method,,,,Anger,solution,nothing works,,general toddler parent,highly condescending
S149,"oh crap does an excellent job of convincing readers that if you try and fail, it's because you weren't paying close enough attention",https://www.reddit.com/r/pottytraining/comments/10dpbyw/day_three_of_oh_crap_method_with_22_month_old_its/,Reddit r/pottytraining,~2023-01 (est. from post ID),,Reddit,SNIPPET,parent guilt,,,,3-day / Oh Crap method,,,,Guilt,solution,,,general toddler parent,you weren't paying close enough attention
S150,My daughter found the oh crap method to be so much pressure that she stopped ... / gentle,https://www.reddit.com/r/toddlers/comments/163mk5f/did_gentle_potty_training_methods_actually_work/,Reddit r/toddlers,~2023-08 (est. from post ID),,Reddit,SNIPPET,,no-pressure process,,,3-day / Oh Crap method,,,pressure backfires,Acceptance,solution,,,general toddler parent,
S151,I followed the Oh Crap method to the letter and it utterly failed. My boy is now almost 4 and still isn't fully there,https://www.reddit.com/r/Parenting/comments/179gi2f/has_anyone_done_the_night_training_from_the_oh/,Reddit r/Parenting,~2023-10 (est. from post ID),,Reddit,SNIPPET,late training (3.5y+ still not trained); night wetting,dry nights,,,3-day / Oh Crap method,,,,Neutrality,solution,nothing works,,late-trainer parent; night / bedwetting parent,
S152,"I'm so fed up with potty training, it's breaking my spirit.",https://www.reddit.com/r/Parenting/comments/y38q2e/im_so_fed_up_with_potty_training_its_breaking_my/,Reddit r/Parenting,~2022-10 (est. from post ID),,Reddit,SNIPPET,parent burnout,,,,,,,,Apathy,problem,,,general toddler parent,it's breaking my spirit
S153,Basically I found they were a huge waste of money.,https://www.reddit.com/r/pottytraining/comments/lc4pps/training_pants_yes_or_no/,Reddit r/pottytraining,~2021-02 (est. from post ID),,Reddit,SNIPPET,cost / money drain,,,waste of money,Pull-Ups / disposables,,,,Anger,solution,waste of money,,general toddler parent,
S154,No! It will still get soaked and has to be changed after 1 pee. Big waste of money,https://www.reddit.com/r/moderatelygranolamoms/comments/1ihyyrs/are_training_underwear_worth_it/,Reddit r/moderatelygranolamoms,~2025-02 (est. from post ID),,Reddit,SNIPPET,leaks / soaked after one pee; cost / money drain,,absorbency that holds a pee; washable / reusable,waste of money; won't hold pee / leaks,training underwear (generic),,,,Anger,solution,waste of money,,eco / cloth parent,Big waste of money
S155,Pull-ups will very likely not be capable of containing the pee. They are not nearly as absorbent as diapers.,https://www.reddit.com/r/pottytraining/comments/xau881/has_anyone_ever_used_pullups_successfully_for/,Reddit r/pottytraining,~2022-09 (est. from post ID),,Reddit,SNIPPET,,less mess / cleanup,absorbency that holds a pee,,Pull-Ups / disposables,,,,Neutrality,solution,,,general toddler parent,
S156,"I wouldn't use pull ups, they're just diaper.",https://www.reddit.com/r/toddlers/comments/m0mmmr/pull_ups_vs_training_underwear/,Reddit r/toddlers,~2021-03 (est. from post ID),,Reddit,SNIPPET,,,,feels like a diaper,Pull-Ups / disposables,,,pull-ups are just diapers,Neutrality,solution,,,general toddler parent,they're just diaper
S157,"Sad to say, but I felt like pull-ups led to a huge months long regression in potty training for my 2yo.",https://www.reddit.com/r/toddlers/comments/13m53tu/did_wearing_pullups_at_daycare_hinder_potty/,Reddit r/toddlers,~2023-05 (est. from post ID),,Reddit,SNIPPET,deadline pressure (daycare/school rule); regression,daycare/school-ready,,,Pull-Ups / disposables,daycare/preschool deadline,,,Grief,solution,,,working parent / daycare; regression parent,
S158,the only difference between pull ups and pull on diapers is marketing.,https://www.reddit.com/r/toddlers/comments/1qs51ql/pullups_vs_diaper_pants_at_night_whats_the/,Reddit r/toddlers,~2026-02 (est. from post ID),,Reddit,SNIPPET,,,,feels like a diaper,Pull-Ups / disposables,,,pull-ups are just diapers,Anger,solution,,,general toddler parent,the only difference between pull ups and pull on diapers is marketing
S159,Pull-ups just feel like more money going down the drain.,https://www.reddit.com/r/pottytraining/comments/1tsdlhj/just_a_rant/,Reddit r/pottytraining,~2026-06 (est. from post ID),,Reddit,SNIPPET,cost / money drain,,,,Pull-Ups / disposables,,,,Neutrality,solution,,,general toddler parent,money going down the drain
S160,Affordable leak-free training underwear that's not a diaper??,https://www.reddit.com/r/pottytraining/comments/1h8ehc6/affordable_leakfree_training_underwear_thats_not/,Reddit r/pottytraining,~2024-12 (est. from post ID),,Reddit,SNIPPET,leaks / soaked after one pee; cost / money drain,,absorbency that holds a pee,won't hold pee / leaks; price,training underwear (generic),,,,Neutrality,solution,,,general toddler parent,
S161,Washable nighttime pull-ups / They go up to 35kgs so should definitely fit your kiddo.,https://www.reddit.com/r/sustainability/comments/184i3mx/washable_nighttime_pullups/,Reddit r/sustainability,~2023-11 (est. from post ID),,Reddit,SNIPPET,night wetting,dry nights,washable / reusable,,,,,,Neutrality,solution,,,night / bedwetting parent; eco / cloth parent,
S162,Nighttime Pullups Replacement? / Maybe double up cloth diaper inserts with training pants.,https://www.reddit.com/r/ZeroWaste/comments/1b4uq92/nighttime_pullups_replacement/,Reddit r/ZeroWaste,~2024-03 (est. from post ID),,Reddit,SNIPPET,night wetting,dry nights,washable / reusable,,,,,,Neutrality,solution,,,night / bedwetting parent; eco / cloth parent,
S163,We have the Charlie Banana cloth training pants for daytime that are pull up/down but are not as absorbent as an actual diaper.,https://www.reddit.com/r/toddlers/comments/16uor59/anyone_have_experience_with_reusablewashable/,Reddit r/toddlers,~2023-09 (est. from post ID),,Reddit,SNIPPET,,less mess / cleanup,absorbency that holds a pee; washable / reusable,won't hold pee / leaks,training underwear (other brand),,,,Neutrality,product,,,eco / cloth parent,
S164,Has anyone tried the Ooshbaby training pants? / Total waste of money.,https://www.reddit.com/r/pottytraining/comments/1drqfao/has_anyone_tried_the_ooshbaby_training_pants/,Reddit r/pottytraining,~2024-06 (est. from post ID),,Reddit,SNIPPET,cost / money drain,,absorbency that holds a pee,waste of money,training underwear (other brand),,,,Anger,product,waste of money,,general toddler parent,
S165,Potty training is hell. That's the post.,https://www.reddit.com/r/daddit/comments/rp82dt/potty_training_is_hell_thats_the_post/,Reddit r/daddit,~2021-12 (est. from post ID),,Reddit,SNIPPET,parent burnout,,,,,,,,Apathy,problem,,,dad,Potty training is hell.
S166,"My husband is a full time stay at home dad, so potty training our 3 year old is falling mostly on his shoulders. He's getting so frustrated",https://www.reddit.com/r/daddit/comments/1jzu7r6/husband_is_so_frustrated_with_potty_training/,Reddit r/daddit,~2025-04 (est. from post ID),,Reddit,SNIPPET,parent burnout,,,,,,,,Apathy,problem,,,dad,
S167,Call it learning and not training. Your child needs to understand and react and relearn a lot of bodily signals.,https://www.reddit.com/r/daddit/comments/1oozp6l/dads_give_me_your_best_potty_training_advice_tips/,Reddit r/daddit,~2025-11 (est. from post ID),,Reddit,SNIPPET,,no-pressure process,,,,,,learning not training,Acceptance,solution,,,dad,Call it learning and not training.
S168,Potty training is the worst part of parenting so far and it isn't close,https://www.reddit.com/r/daddit/comments/1dcq3mt/potty_training_is_the_worst_part_of_parenting_so/,Reddit r/daddit,~2024-06 (est. from post ID),,Reddit,SNIPPET,parent burnout,,,,,,,,Neutrality,problem,,,dad,the worst part of parenting
S169,"my wife and I have been trying to potty train our 3-year-old daughter for about 6 months now, and we just can't seem to make ...",https://www.reddit.com/r/daddit/comments/1oj2tws/struggling_to_potty_train_our_3yearold_were_at/,Reddit r/daddit,~2025-11 (est. from post ID),,Reddit,SNIPPET,parent burnout,,,,,,,,Neutrality,problem,,,dad,
S170,"My son will be 3 years old next month, he has a speech delay and ...",https://www.reddit.com/r/daddit/comments/1ustfsg/my_son_will_be_3_years_old_next_month_he_has_a/,Reddit r/daddit,~2026-07 (est. from post ID),,Reddit,SNIPPET,late training (3.5y+ still not trained); child can't communicate need,,,,,,,,Neutrality,problem,,,ND / sensory parent; late-trainer parent; dad,
S171,anyone have a hard time potty training? my 4 year old WILL NOT DO IT. we've tried litterally everything and she just doesn't care.,https://community.whattoexpect.com/forums/hot-topics-1/topic/4-year-old-wont-potty-train-145341474.html,What to Expect Hot Topics,,,Forum,VERBATIM,late training (3.5y+ still not trained); withholding / poop refusal; child doesn't notice wet / body signals; child refuses,,,,,,,,Fear,problem,tried everything,,late-trainer parent; withholding parent,
S172,"We've watched videos, sang songs, got a doll that poops, got various kinds of kid potties, ladders to the regular toilet, a modified seat, you name it, we've done it!",https://community.whattoexpect.com/forums/hot-topics-1/topic/4-year-old-wont-potty-train-145341474.html,What to Expect,,,Forum,VERBATIM,withholding / poop refusal,,,,"gadgets (seats, potties, books)",,,,Neutrality,solution,,,withholding parent,
S173,My mom keeps giving me so much slack for it too. She's convinced he'll never leave and he'll be made fun of at school ... and I feel like *** for not having my kid trained.,https://community.whattoexpect.com/forums/hot-topics-1/topic/4-year-old-wont-potty-train-145341474.html,What to Expect,,,Forum,VERBATIM,late training (3.5y+ still not trained); deadline pressure (daycare/school rule); judgment / shame from others; parent guilt; fear child will be teased,daycare/school-ready,,,,school start (K/Reception); relative judgment,,,Guilt,problem,,,working parent / daycare; late-trainer parent,
S174,it's really frustrating like I've done something wrong and broke my child and he'll never do this and I'll never get to send him to school!!!!,https://community.whattoexpect.com/forums/hot-topics-1/topic/4-year-old-wont-potty-train-145341474.html,What to Expect,,,Forum,VERBATIM,parent guilt,,,,,,,,Guilt,problem,,,general toddler parent,I've done something wrong and broke my child
S175,My 4 year old refuses. He does have sensory issues but it is so hard and frustrating,https://community.whattoexpect.com/forums/hot-topics-1/topic/4-year-old-wont-potty-train-145341474.html,What to Expect,,,Forum,VERBATIM,late training (3.5y+ still not trained); child refuses,,,,,,,,Apathy,problem,,,ND / sensory parent; late-trainer parent,
S176,Our pediatrician said with older kids (3 years and above) she actually doesn't recommend traditional potty training methods. It can just cause a power struggle.,https://community.whattoexpect.com/forums/hot-topics-1/topic/4-year-old-wont-potty-train-145341474.html,What to Expect,,,Forum,VERBATIM,deadline pressure (daycare/school rule),daycare/school-ready; no-pressure process,,,,daycare/preschool deadline,,pressure backfires,Acceptance,solution,,pediatrician,working parent / daycare; twins parent,
S177,next year if they go to transitional kindergarten or any camp programs over summer they need to be fully potty trained. We don't want them not being potty trained to hold them back,https://community.whattoexpect.com/forums/hot-topics-1/topic/4-year-old-wont-potty-train-145341474.html,What to Expect,,,Forum,VERBATIM,deadline pressure (daycare/school rule),daycare/school-ready,,,,school start (K/Reception),,,Fear,problem,,,working parent / daycare; twins parent,
S178,"I had tried allllll the things and he absolutely refused. Special toilet seat, cool undies, bribes, all of it. Nothing worked until he decided himself",https://community.whattoexpect.com/forums/hot-topics-1/topic/4-year-old-wont-potty-train-145341474.html,What to Expect,,,Forum,VERBATIM,late training (3.5y+ still not trained); child refuses,no-pressure process,,,"rewards / stickers / bribes; gadgets (seats, potties, books)",,,every kid own timeline,Acceptance,solution,tried everything,,late-trainer parent,Nothing worked until he decided himself
S179,"By the time a kid is four, why would they want to change something they have been doing for 4 years. A 3 and 4 year old is long past the window.",https://community.whattoexpect.com/forums/hot-topics-1/topic/4-year-old-wont-potty-train-145341474.html,What to Expect,,,Forum,VERBATIM,late training (3.5y+ still not trained); judgment / shame from others,,,,,,missed the window,,Neutrality,problem,,,late-trainer parent,long past the window
S180,my 3.5 year old son just isn't interested. He's 40lbs and 43 inches tall and it's getting hard to change him and I don't want to be buying 3 boxes of diapers,https://community.whattoexpect.com/forums/stay-at-home-moms/topic/help-potty-training-at-35-years-old-with-speech-delay-son-177104493.html,WTE Stay-at-home moms,,,Forum,VERBATIM,late training (3.5y+ still not trained); size / big-kid products,,bigger sizes,,,,,,Neutrality,problem,,,ND / sensory parent; late-trainer parent,
S181,I think he genuinely has difficulty understanding the sensation of peeing.,https://community.whattoexpect.com/forums/stay-at-home-moms/topic/help-potty-training-at-35-years-old-with-speech-delay-son-177104493.html,What to Expect,,,Forum,VERBATIM,child doesn't notice wet / body signals,,feel-wet signal,,,,,,Neutrality,problem,,,ND / sensory parent,
S182,this is why i say pull ups are a trap - your kid has as much independence as THEY want. but they also have no stake in becoming potty trained.,https://community.whattoexpect.com/forums/stay-at-home-moms/topic/help-potty-training-at-35-years-old-with-speech-delay-son-177104493.html,What to Expect,,,Forum,VERBATIM,,child dignity / real underwear,,feels like a diaper,Pull-Ups / disposables,,,pull-ups are just diapers,Neutrality,solution,,,general toddler parent,pull ups are a trap
S183,"I use a ""urine catcher underwear"" over top his regular loose underwear that's a size up and he HATES the sensation of being soo wet.",https://community.whattoexpect.com/forums/stay-at-home-moms/topic/help-potty-training-at-35-years-old-with-speech-delay-son-177104493.html,What to Expect,,,Forum,VERBATIM,child doesn't notice wet / body signals,,absorbency that holds a pee; feel-wet signal,,training underwear (generic),,,,Neutrality,solution,,,ND / sensory parent,
S184,"I think I'm going to buy a potty watch to make things exciting for him, some magnets to put on the fridge",https://community.whattoexpect.com/forums/stay-at-home-moms/topic/help-potty-training-at-35-years-old-with-speech-delay-son-177104493.html,What to Expect,,,Forum,VERBATIM,,,routine / reminder system,,rewards / stickers / bribes; potty watch,,,,Neutrality,solution,,,general toddler parent,
S185,the problem was i thought he needed the language. he totally did not.,https://community.whattoexpect.com/forums/stay-at-home-moms/topic/help-potty-training-at-35-years-old-with-speech-delay-son-177104493.html,What to Expect,,,Forum,VERBATIM,child can't communicate need,,,,,,,,Neutrality,problem,,,ND / sensory parent,
S186,I am being told by so many people I should training him already too.. I am worried about it,https://community.whattoexpect.com/forums/stay-at-home-moms/topic/help-potty-training-at-35-years-old-with-speech-delay-son-177104493.html,What to Expect,,,Forum,VERBATIM,judgment / shame from others,,,,,,,,Fear,problem,,,ND / sensory parent,
S187,"I've tried to potty train them at 2, 2.5, 3, and now I've been doing it for a whole month at 3.5 with no real success.",https://community.whattoexpect.com/forums/multiples-and-twins/topic/potty-training-35-year-old-boys-no-success-165918513.html,WTE Multiples & Twins,,,Forum,VERBATIM,late training (3.5y+ still not trained),,,,,,,,Neutrality,problem,nothing works,,ND / sensory parent; late-trainer parent; twins parent,
S188,"We use a potty training chart with magnetic stars ... They have Paw Patrol training undies ... If I put pull-ups on them, they will happily go right away!",https://community.whattoexpect.com/forums/multiples-and-twins/topic/potty-training-35-year-old-boys-no-success-165918513.html,What to Expect,,,Forum,VERBATIM,,,absorbency that holds a pee,,Pull-Ups / disposables; rewards / stickers / bribes; training underwear (other brand),,,,Neutrality,solution,,,twins parent,
S189,I feel like there's no excuse at 3.5 years old anymore. Every parent we personally know under 3 years old has their kid already potty trained.,https://community.whattoexpect.com/forums/multiples-and-twins/topic/potty-training-35-year-old-boys-no-success-165918513.html,What to Expect,,,Forum,VERBATIM,parent shame / embarrassment,,,,,,,,Shame,problem,,,twins parent,there's no excuse at 3.5 years old anymore
S190,"I'm losing my mind ... We can't afford the pull-ups anymore, and expensive programs aren't really an option.",https://community.whattoexpect.com/forums/multiples-and-twins/topic/potty-training-35-year-old-boys-no-success-165918513.html,What to Expect,,,Forum,VERBATIM,parent burnout; cost / money drain,,,,Pull-Ups / disposables,,,,Apathy,solution,,,twins parent,I'm losing my mind
S191,He also recently got diagnosed with autism and had some sensory issues so I truly think he just didn't feel his bodies signals. We just non judgmentally kept at it.,https://community.whattoexpect.com/forums/multiples-and-twins/topic/potty-training-35-year-old-boys-no-success-165918513.html,What to Expect,,,Forum,VERBATIM,child doesn't notice wet / body signals,no-pressure process,,,,,,no shame approach,Apathy,solution,,,ND / sensory parent,We just non judgmentally kept at it
S192,"We stuck with it for seven or eight months , because we had enrolled them into preschool that required them to be potty trained.",https://community.whattoexpect.com/forums/multiples-and-twins/topic/potty-training-35-year-old-boys-no-success-165918513.html,What to Expect,,,Forum,VERBATIM,deadline pressure (daycare/school rule),daycare/school-ready,,,,daycare/preschool deadline,,,Neutrality,problem,,,working parent / daycare; twins parent,
S193,it's mentally exhausting. Potty training is easily the hardest thing I've had to do with twins,https://community.whattoexpect.com/forums/multiples-and-twins/topic/potty-training-35-year-old-boys-no-success-165918513.html,What to Expect,,,Forum,VERBATIM,parent burnout,,,,,,,,Apathy,problem,,,twins parent,it's mentally exhausting
S194,this has now become the most difficult thing I have literally ever done as a parent.,https://community.whattoexpect.com/forums/hot-topics-1/topic/potty-training-help-for-child-with-sensory-processing-disorder-137628071.html,WTE Hot Topics,,,Forum,VERBATIM,parent burnout,,,,,,,,Neutrality,problem,,,ND / sensory parent,the most difficult thing I have literally ever done as a parent
S195,My son has been holding his pee and poop until naptime or bedtime when he goes from underwear to a pull-up. / He was screaming and crying trying to hold it in.,https://community.whattoexpect.com/forums/hot-topics-1/topic/potty-training-help-for-child-with-sensory-processing-disorder-137628071.html,What to Expect,,,Forum,VERBATIM,late training (3.5y+ still not trained); withholding / poop refusal,,,,,,,,Neutrality,solution,,,ND / sensory parent; withholding parent,
S196,he's literally on the wait-list to be on the wait-list,https://community.whattoexpect.com/forums/hot-topics-1/topic/potty-training-help-for-child-with-sensory-processing-disorder-137628071.html,What to Expect,,,Forum,VERBATIM,can't access specialist help,,,,,,,,Neutrality,problem,,,ND / sensory parent,on the wait-list to be on the wait-list
S197,I'm a teacher and go back to work soon. I cannot wait again until winter break to try this. I feel like such a failure,https://community.whattoexpect.com/forums/hot-topics-1/topic/potty-training-help-for-child-with-sensory-processing-disorder-137628071.html,What to Expect,,,Forum,VERBATIM,late training (3.5y+ still not trained); deadline pressure (daycare/school rule); parent guilt,daycare/school-ready,,,,daycare/preschool deadline; back to work,,,Guilt,problem,,,working parent / daycare; ND / sensory parent,I cannot wait again until winter break
S198,"everything I read acts like this can be done in 3 days, over a weekend, or by keeping your child naked. These methods do not work with a child with SPD.",https://community.whattoexpect.com/forums/hot-topics-1/topic/potty-training-help-for-child-with-sensory-processing-disorder-137628071.html,What to Expect,,,Forum,VERBATIM,,no-pressure process,resources for older / ND kids,,3-day / Oh Crap method,,3 days is enough,methods don't work for ND kids,Acceptance,solution,,,ND / sensory parent,These methods do not work with a child with SPD.
S199,Stop reading the books. They do not apply,https://community.whattoexpect.com/forums/hot-topics-1/topic/potty-training-help-for-child-with-sensory-processing-disorder-137628071.html,What to Expect,,,Forum,VERBATIM,,no-pressure process,resources for older / ND kids,,,,,methods don't work for ND kids,Acceptance,solution,,,ND / sensory parent,Stop reading the books.
S200,He's hypersensitive to the feeling of urine and wetness in general ... He just had a meltdown this morning about wet socks.,https://community.whattoexpect.com/forums/hot-topics-1/topic/potty-training-help-for-child-with-sensory-processing-disorder-137628071.html,What to Expect,,,Forum,VERBATIM,sensory discomfort,,sensory-friendly fit,,,,,,Neutrality,problem,,,ND / sensory parent,hypersensitive to the feeling of urine
S201,The 3 day training or no pants crap.. I hate it. Skills take longer to work on.,https://community.whattoexpect.com/forums/hot-topics-1/topic/potty-training-help-for-child-with-sensory-processing-disorder-137628071.html,What to Expect,,,Forum,VERBATIM,,no-pressure process,,,3-day / Oh Crap method,,,,Anger,solution,,,general toddler parent,Skills take longer to work on.
S202,"if you have older relatives (moms and mother in laws) putting pressure on you, tell them to back the F off.",https://community.whattoexpect.com/forums/hot-topics-1/topic/potty-training-help-for-child-with-sensory-processing-disorder-137628071.html,What to Expect,,,Forum,VERBATIM,judgment / shame from others,,,,,relative judgment,,,Anger,problem,,,general toddler parent,
S203,those 3 day those training methods ... are definitely marketed towards neurotypical kids with no stomach problems.,https://community.whattoexpect.com/forums/hot-topics-1/topic/potty-training-help-for-child-with-sensory-processing-disorder-137628071.html,What to Expect,,,Forum,VERBATIM,,,resources for older / ND kids,,3-day / Oh Crap method,,,methods don't work for ND kids,Neutrality,solution,,,ND / sensory parent,marketed towards neurotypical kids
S204,He fully potty trained at almost 4 after we hired an in-home ABA therapist that specializes in potty training. Worth every penny!!,https://community.whattoexpect.com/forums/hot-topics-1/topic/potty-training-help-for-child-with-sensory-processing-disorder-137628071.html,What to Expect,,,Forum,VERBATIM,,,,,,,,,Pride,solution,,ABA therapist,ND / sensory parent,
S205,Did insurance cover this for you? Ours barely covers going to a few sessions of OT. So frustrating.,https://community.whattoexpect.com/forums/hot-topics-1/topic/potty-training-help-for-child-with-sensory-processing-disorder-137628071.html,What to Expect,,,Forum,VERBATIM,cost / money drain,,,,rewards / stickers / bribes,,,,Apathy,solution,,occupational therapist,ND / sensory parent,
S206,My son had similar issues. He has mild autism and many sensory issues ... The potty battle was a real fight that took over 2 years,https://community.whattoexpect.com/forums/hot-topics-1/topic/potty-training-help-for-child-with-sensory-processing-disorder-137628071.html,What to Expect,,,Forum,SNIPPET,late training (3.5y+ still not trained),,,,,relative judgment,,,Neutrality,problem,,,ND / sensory parent; late-trainer parent,
S207,Some kids with autism learn relatively easily and then others can stay in pull ups for years.,https://community.whattoexpect.com/forums/autism/topic/how-long-did-potty-training-take-136745438.html,WTE Autism forum,,,Forum,SNIPPET,,,,,,relative judgment,,,Neutrality,solution,,occupational therapist,ND / sensory parent,
S208,Autism was ruled out early ... the potty training has been such a stressful mess.,https://community.whattoexpect.com/forums/potty-training/topic/35-year-old-refusal-poor-proprioception-and-vestibular-systems-autism-166280047.html,WTE Potty training,,,Forum,SNIPPET,parent guilt,,,,,,,,Guilt,problem,,,ND / sensory parent,
S209,"Yeah, traditional potty training doesn't really work for autistic kids. I have an autistic 4 year old, he's very far off from being potty",https://community.babycenter.com/post/a78165203/potty-training-4-yr-old?page=2,BabyCenter,,,Forum,SNIPPET,late training (3.5y+ still not trained),,resources for older / ND kids,,,,,methods don't work for ND kids,Neutrality,problem,,,ND / sensory parent; late-trainer parent,
S210,"Potty training even a neurotypical kid is HARD. My son with ASD started potty training just before 4, and it has been a long, long process.",https://community.babycenter.com/post/a77691401/6-12-year-old-non-verbal-asd-son-potty-training,BabyCenter,,,Forum,SNIPPET,late training (3.5y+ still not trained),,resources for older / ND kids,,,,,methods don't work for ND kids,Neutrality,problem,,,ND / sensory parent; late-trainer parent,
S211,You may have to shelf potty training for now and wait until he is older.,https://community.babycenter.com/post/a40058491/4_12_year_old...nonverbal...wont_potty_train,BabyCenter,,,Forum,SNIPPET,late training (3.5y+ still not trained),,,,,,,,Apathy,problem,,,ND / sensory parent; late-trainer parent,
S212,I have a 4 1/2 yr old boy and not potty trained yet. He has speech and social delays. We are still waiting in queue to get appointment,https://community.babycenter.com/post/a77358804/daycare-not-potty-trained,BabyCenter,,,Forum,SNIPPET,late training (3.5y+ still not trained); deadline pressure (daycare/school rule); can't access specialist help,daycare/school-ready,,,,daycare/preschool deadline,,,Neutrality,problem,,,working parent / daycare; ND / sensory parent; late-trainer parent,
S213,"No expectation to sit on the potty at first, just bring their favorite snack or activity into the bathroom",https://community.babycenter.com/post/a78642892/potty-training-an-autistic-3-year-old,BabyCenter,,,Forum,SNIPPET,,,,,,,,,Neutrality,problem,,,ND / sensory parent,
S214,My son is freshly 3.5 years old and refuses to get potty-trained or wear underwear.,https://community.whattoexpect.com/forums/potty-training.html?page=4,WTE Potty training index,,,Forum,SNIPPET,late training (3.5y+ still not trained); child refuses,,,,,,,,Fear,solution,,,late-trainer parent,
S215,She goes to daycare and she does the whole potty routine there and wears pull ups.,https://community.whattoexpect.com/forums/july-2023-babies/topic/still-not-potty-trained-177161740.html,WTE July 2023 Babies,,,Forum,SNIPPET,deadline pressure (daycare/school rule),daycare/school-ready,,,Pull-Ups / disposables,daycare/preschool deadline,,,Neutrality,solution,,,working parent / daycare,
S216,He has had chronic constipation since weaning which was not medically managed well / should be starting Reception this Sept,https://www.mumsnet.com/talk/potty_training/5561246-my-4yr-old-is-still-in-nappies-support-please,Mumsnet,,,Forum,SNIPPET,late training (3.5y+ still not trained); deadline pressure (daycare/school rule); withholding / poop refusal,daycare/school-ready,,,,school start (K/Reception),,constipation causes accidents,Neutrality,problem,,,working parent / daycare; ND / sensory parent; late-trainer parent; withholding parent,
S217,I am quite concerned that he will be laughed at/ bullied / I'm anxious of other people's judgement that it's lazy parenting,https://www.mumsnet.com/talk/potty_training/5561246-my-4yr-old-is-still-in-nappies-support-please,Mumsnet,,,Forum,SNIPPET,judgment / shame from others; fear child will be teased,,,,,,late training = lazy parenting,,Fear,problem,,occupational therapist,general toddler parent,it's lazy parenting
S218,"Im so stressed and frustrated, they will probabbly think I never bothered.",https://www.mumsnet.com/talk/potty_training/5520319-no-progress-with-potty-training-at-nearly-four-worried-about-starting-school,Mumsnet,,,Forum,SNIPPET,late training (3.5y+ still not trained); deadline pressure (daycare/school rule); judgment / shame from others,daycare/school-ready,,,,daycare/preschool deadline,,,Apathy,problem,,,working parent / daycare; late-trainer parent,they will probabbly think I never bothered
S219,I feel like I'm the last !d!ot in the world and I just want to know if my son will ever reconsider,https://www.mumsnet.com/talk/potty_training/5520319-no-progress-with-potty-training-at-nearly-four-worried-about-starting-school,Mumsnet,,,Forum,SNIPPET,parent guilt,,,,,,,,Guilt,problem,,,general toddler parent,I feel like I'm the last !d!ot in the world
S220,"I did everything, books, songs, cartoons, all models of potties...naked days / We've been trying the potty training for 2 years now and absolutely no progress at all.",https://www.mumsnet.com/talk/potty_training/5520319-no-progress-with-potty-training-at-nearly-four-worried-about-starting-school,Mumsnet,,,Forum,SNIPPET,,,,,"rewards / stickers / bribes; 3-day / Oh Crap method; gadgets (seats, potties, books)",,,,Apathy,solution,tried everything; nothing works,,general toddler parent,
S221,"I feel like school think I'm a crap dad, DH works away during the week so it's usually just me going in.",https://www.mumsnet.com/talk/education/5485471-school-said-it-might-be-best-if-ds-is-put-back-in-nappies,Mumsnet,,,Forum,SNIPPET,deadline pressure (daycare/school rule); judgment / shame from others,daycare/school-ready,,,,school start (K/Reception),,,Guilt,problem,,,working parent / daycare; dad,I'm a crap dad
S222,I'm usually called at lunch time to change him as he's wet and then at pick up he usually needs changed again.,https://www.mumsnet.com/talk/education/5485471-school-said-it-might-be-best-if-ds-is-put-back-in-nappies,Mumsnet,,,Forum,SNIPPET,deadline pressure (daycare/school rule); daily accidents at school/daycare,daycare/school-ready,,,,daycare/preschool deadline; school/teacher complaint,,,Neutrality,problem,,,working parent / daycare; school-age accidents parent,
S223,impaired interoception - they also turned out to have ADHD - and they are commom comorbidites,https://www.mumsnet.com/talk/education/5485471-school-said-it-might-be-best-if-ds-is-put-back-in-nappies,Mumsnet,,,Forum,SNIPPET,child doesn't notice wet / body signals,,,,,,,,Neutrality,problem,,,ND / sensory parent,
S224,I work full time and am expected to be in the office 4 days a week. / he's the only one still in nappies.,https://www.mumsnet.com/talk/special_educational_needs/5503773-potty-training-sen-3-year-oldhelp,Mumsnet SEN,,,Forum,SNIPPET,deadline pressure (daycare/school rule),daycare/school-ready,,,,daycare/preschool deadline; back to work,,,Shame,problem,,,working parent / daycare; ND / sensory parent,
S225,ND children just have a different timetable I'm afraid and I wouldn't stress too much. / the toileting journey looks very different for autistic children,https://www.mumsnet.com/talk/special_educational_needs/5503773-potty-training-sen-3-year-oldhelp,Mumsnet SEN,,,Forum,SNIPPET,,no-pressure process,,,,,,every kid own timeline,Acceptance,solution,,,ND / sensory parent,ND children just have a different timetable
S226,at 5.5 he is only just out of nappies during the school day.,https://www.mumsnet.com/talk/special_educational_needs/5503773-potty-training-sen-3-year-oldhelp,Mumsnet SEN,,,Forum,SNIPPET,late training (3.5y+ still not trained),,,,,,,,Neutrality,problem,,,ND / sensory parent; late-trainer parent,
S227,Will the other children laugh at him? Will the teachers wish he wasn't there? :(,https://www.mumsnet.com/talk/special_needs/4165535-Starting-school-in-nappies-constant-accidents,Mumsnet Special needs,,,Forum,SNIPPET,deadline pressure (daycare/school rule),daycare/school-ready,,,,daycare/preschool deadline,,,Fear,problem,,occupational therapist,working parent / daycare; ND / sensory parent,Will the other children laugh at him?
S228,"I found my ASD child was ready when he was ready to be ready, which turned out to be 9 years old.",https://www.mumsnet.com/talk/special_needs/4165535-Starting-school-in-nappies-constant-accidents,Mumsnet,,,Forum,SNIPPET,late training (3.5y+ still not trained),,,,,,,every kid own timeline,Neutrality,problem,,,ND / sensory parent; late-trainer parent,ready when he was ready to be ready
S229,My child was in nappies at 5. The school did have a problem with it and it was awful they way they reacted.,https://www.mumsnet.com/talk/special_needs/4165535-Starting-school-in-nappies-constant-accidents,Mumsnet,,,Forum,SNIPPET,deadline pressure (daycare/school rule); judgment / shame from others,daycare/school-ready,,,,school start (K/Reception); school/teacher complaint,,,Anger,problem,,,working parent / daycare; ND / sensory parent,
S230,My daughter is 8 and has autism. She is having difficulty with potty training and I was panicked because I could not find diapers that fit her. I tried pull ups but they leaked.,https://www.goodnites.com/en-us/bedwetting-products/nighttime-underwear-for-boys?bvroute=review%252f25577397&bvstate=pg:93/ct:r,Goodnites.com review,~2013 (page label '13 years ago'),,Retailer reviews,VERBATIM,leaks / soaked bed at night; size / big-kid products,dry nights,bigger sizes; leakproof at night,,,outgrew largest size; soaked bed,,,Fear,product,,,ND / sensory parent; night / bedwetting parent,
S231,My 3 and a half year old son is Autistic and cannot use the potty and we have to use Goodnights everyday as a training pant replacement because of his weight. / especially one with special needs is very expensive,https://www.goodnites.com/en-us/bedwetting-products/nighttime-underwear-for-boys?bvroute=review%252f25577397&bvstate=pg:93/ct:r,Goodnites.com review,,,Retailer reviews,VERBATIM,late training (3.5y+ still not trained); size / big-kid products; cost / money drain,,bigger sizes,,Goodnites,,,,Neutrality,product,,,ND / sensory parent,
S232,"My daughter is 6 and on the heavier side, she wears the L-XL and they just fit her but they leak EVERY night ... she doesnt fit in the adult ""diapers"" they are w WAY to big",https://www.goodnites.com/en-us/bedwetting-products/nighttime-underwear-for-boys?bvroute=review%252f25577397&bvstate=pg:93/ct:r,Goodnites.com review,,,Retailer reviews,VERBATIM,leaks / soaked bed at night; size / big-kid products,dry nights,bigger sizes; leakproof at night,,,outgrew largest size; soaked bed,,,Neutrality,product,,,night / bedwetting parent,
S233,"They seriously have saved my son embarrassment and helped him keep his independence. My son, Danny, is 11 1/2 yrs old.",https://www.goodnites.com/en-us/bedwetting-products/nighttime-underwear-for-boys?bvroute=review%252f25577397&bvstate=pg:93/ct:r,Goodnites.com review,,,Retailer reviews,VERBATIM,child shame / embarrassment; night wetting; size / big-kid products,child dignity / real underwear; dry nights,bigger sizes,,,,,,Shame,product,,,night / bedwetting parent,saved my son embarrassment
S234,"Goodnites, please see all these reviews and respond with a bigger size and more absorbency. Please!",https://www.goodnites.com/en-us/bedwetting-products/nighttime-underwear-for-boys?bvroute=review%252f25577397&bvstate=pg:93/ct:r,Goodnites.com review,,,Retailer reviews,VERBATIM,size / big-kid products,less mess / cleanup,bigger sizes; absorbency that holds a pee,,Goodnites,,,,Desire,product,,,general toddler parent,
S235,i am 15 years old and wet the bed thase help alot i can go to sleepover and no one knows,https://www.goodnites.com/en-us/bedwetting-products/nighttime-underwear-for-boys?bvroute=review%252f25577397&bvstate=pg:93/ct:r,Goodnites.com review,,,Retailer reviews,VERBATIM,child shame / embarrassment; night wetting,child dignity / real underwear; dry nights; sleepovers without shame,discreet,,,sleepover invite,,,Shame,product,,,teen / self,i can go to sleepover and no one knows
S236,waste of money. Her pullups often leaked at night,https://www.dollargeneral.com/p/null/036000513530?pr_rd_page=2&bvstate=pg:79/ct:r,Pull-Ups (Dollar General / Pull-Ups CA review excerpt),,,Retailer reviews,SNIPPET,leaks / soaked bed at night; cost / money drain,dry nights,leakproof at night,waste of money,Pull-Ups / disposables,soaked bed,,,Anger,product,waste of money,,night / bedwetting parent,
S237,Worst leaks ever I tried these with 2 of my potty training toddlers any accident that they would have would leak. Such a waste of money.,https://www.walmart.com/reviews/product/835553748,Walmart review,,,Walmart,SNIPPET,leaks / soaked after one pee; cost / money drain,,absorbency that holds a pee,waste of money; won't hold pee / leaks,training underwear (generic),,,,Anger,product,waste of money,,general toddler parent,Worst leaks ever
S238,"What a waste of money and time spent doing excessive, unnecessary amounts of laundry.",https://www.meijer.com/shopping/product/44-count/3600055984.html?bvstate=pg:4/ct:r,Meijer review,,,Retailer reviews,SNIPPET,night wetting; cost / money drain; laundry / mess,dry nights,,waste of money,Pull-Ups / disposables,,,,Anger,product,waste of money,,night / bedwetting parent,"excessive, unnecessary amounts of laundry"
S239,He almost nightly has accidents and still leaks through the goodnites all over his sheets.,https://www.dollargeneral.com/p/goodnites-boys-nighttime-bedwetting-underwear-size-large-68-95-lbs-11-ct/36000533620?pr_rd_page=4&bvstate=pg:13/ct:r,Dollar General Goodnites review,,,Retailer reviews,SNIPPET,leaks / soaked bed at night; size / big-kid products,dry nights,bigger sizes; leakproof at night,,Goodnites,soaked bed,,,Neutrality,product,,,night / bedwetting parent,
S240,"They leak terribly! Ive used these for over 2 years now, and once we started using the ""new design"" we started getting leaks every night!",https://www.samsclub.com/reviews/product/3600045083?page=34,Sam's Club Goodnites review,,,Retailer reviews,SNIPPET,leaks / soaked bed at night,dry nights,leakproof at night,,Pull-Ups / disposables,soaked bed,,,Neutrality,product,,,night / bedwetting parent,
S241,The cheaper version claim to fit up to like 100 pounds and do not fit my 4 year old.,https://www.walmart.com/reviews/product/728810788?aspect=79,Walmart Goodnites review,,,Walmart,SNIPPET,size / big-kid products,,bigger sizes,,,outgrew largest size,,,Neutrality,product,,,general toddler parent,
S242,Is there training underwear or something that absorbes the mess well but still lets the kid feel wet that isn't $20 a pair?,https://www.facebook.com/groups/pottytrainingtoddlers/posts/437039869252359/,Facebook group,,,Forum,SNIPPET,child doesn't notice wet / body signals; cost / money drain,less mess / cleanup,absorbency that holds a pee; feel-wet signal,price,training underwear (generic),,,,Neutrality,solution,,,general toddler parent,isn't $20 a pair
S244,My son is 4 and isn't potty trained. He doesn't seem to EVER notoce ...,https://www.facebook.com/groups/1218163666292700/posts/1748578899917838/,Facebook group,,,Forum,SNIPPET,late training (3.5y+ still not trained),,,,,,,,Neutrality,problem,,,ND / sensory parent; late-trainer parent,
S245,My son is 3 years old we been trying to potty train for past year ... As a mom of a son whos autistic,https://www.instagram.com/reel/DdSTeOaP1zF/,Instagram reel comments,,,Instagram comments,SNIPPET,late training (3.5y+ still not trained),,,,,,,,Neutrality,problem,,,ND / sensory parent,
S246,my son don't even wanna sit down on toilet,https://www.instagram.com/reel/DHmOI1aINH1/,Instagram,,,Instagram comments,SNIPPET,,,,,,,,,Neutrality,problem,,,ND / sensory parent,
S247,"He woke up this morning and said ""even though I had a lot of accidents in my pull ups last night can I please try to sleep in my underwear",https://www.reddit.com/r/Preschoolers/comments/1rlkr4h/45_year_old_really_wants_to_stop_wearing_pull_ups/,Reddit r/Preschoolers,~2026-03 (est. from post ID),,Reddit,SNIPPET,night wetting,child dignity / real underwear; dry nights,discreet,,,,,,Neutrality,solution,,,night / bedwetting parent,can I please try to sleep in my underwear
S248,"4 year old refusing to wear pull ups for sleep - not yet night time ""trained""",https://www.reddit.com/r/Parenting/comments/1sc8ddr/4_year_old_refusing_to_wear_pull_ups_for_sleep/,Reddit r/Parenting,~2026-04 (est. from post ID),,Reddit,SNIPPET,night wetting,child dignity / real underwear; dry nights,discreet,,,,,,Neutrality,solution,,,night / bedwetting parent,
S249,"If you don't want pull ups, maybe a combo of training underwear and disposable incontinence booster pads that she can discreetly change",https://www.reddit.com/r/kindergarten/comments/1o2oybe/alternative_to_pull_ups/,Reddit r/kindergarten,~2025-10 (est. from post ID),,Reddit,SNIPPET,deadline pressure (daycare/school rule); daily accidents at school/daycare,daycare/school-ready; child dignity / real underwear,absorbency that holds a pee; discreet,,training underwear (generic),daycare/preschool deadline,,,Neutrality,solution,,,working parent / daycare; school-age accidents parent,
S250,4yo's teacher requested we put him back in pull ups. What would you do?,https://www.reddit.com/r/Parenting/comments/y8agdp/4yos_teacher_requested_we_put_him_back_in_pull/,Reddit r/Parenting,~2022-10 (est. from post ID),,Reddit,SNIPPET,deadline pressure (daycare/school rule); judgment / shame from others; daily accidents at school/daycare,daycare/school-ready,,,,daycare/preschool deadline; school/teacher complaint,,,Neutrality,solution,,,working parent / daycare; school-age accidents parent,
S251,You can't send him if he is having poop accidents. If he's having pee accidents you can send him in a pull-up,https://www.reddit.com/r/Parenting/comments/ww2unx/sending_my_child_to_kindergarten_even_though_they/,Reddit r/Parenting,~2022-09 (est. from post ID),,Reddit,SNIPPET,deadline pressure (daycare/school rule); daily accidents at school/daycare,daycare/school-ready,,,,daycare/preschool deadline,,,Neutrality,solution,,,working parent / daycare; school-age accidents parent,
S252,Wife is putting pull up diapers back on 4.5 year old for convenience after ... / This sounds like neglect.,https://www.reddit.com/r/toddlers/comments/1nprlb0/wife_is_putting_pull_up_diapers_back_on_45_year/,Reddit r/toddlers,~2025-10 (est. from post ID),,Reddit,SNIPPET,judgment / shame from others; daily accidents at school/daycare,,,,,,pull-ups at 4.5 = neglect,,Anger,solution,,,school-age accidents parent,
N001,"These are perfect for the potty training stage or when you need a little extra protection in case of accidents or ""almost accidents."" These are super cute and soft.",https://www.amazon.com/portal/customer-reviews/srp/-/R2PON2C60DI58T,Amazon (BIG ELEPHANT),2026-09-20,5,Amazon,VERBATIM,,protection for almost-accidents,absorbency that holds a pee,,,,,,Pride,product,,,general toddler parent,almost accidents
N002,"Best training pants I've ever used for potty training my grandchildren. Thick and absorbent, cute designs, and don't shrink!",https://www.amazon.com/portal/customer-reviews/srp/-/RSQZW7JG82IJV,Amazon (BIG ELEPHANT),2026-09-09,5,Amazon,VERBATIM,,less mess / cleanup,absorbency that holds a pee; fun designs,,,,,,Pride,product,,,grandparent / gift buyer,
N003,I have a 25 month old who I'm introducing potty training to and he pees so much that regular training underwear don't hold enough so it's all down his legs and the floor. These hold all the pee where it doesn't leak out! They're still wet on the outside but it keeps me from having to mop the floor every 5 mins and hose him off,https://www.amazon.com/portal/customer-reviews/srp/-/R11RPUGE0C05HH,Amazon (BIG ELEPHANT),2026-08-13,4,Amazon,VERBATIM,laundry / mess; sizing / fit problems,less mess / cleanup,absorbency that holds a pee,sizing / fit uncertain,training underwear (other brand),,,,Pride,product,,,general toddler parent,mop the floor every 5 mins and hose him off
N004,They were surprisingly absorbent. ... It held the liquid and it stayed wet enough to make her uncomforable and want to change her underwear and pants. I had to buy more.,https://www.amazon.com/portal/customer-reviews/srp/-/R9DUGKYYDENN6,Amazon (BIG ELEPHANT),2026-05-08,5,Amazon,VERBATIM,,less mess / cleanup; child learns from feeling wet,absorbency that holds a pee; feel-wet signal,,,,,feeling wet teaches the child,Pride,product,,,general toddler parent,stayed wet enough to make her uncomforable
N005,Much better than a set I bought at Target. These ones are pretty absorbent so for small accidents my little one could feel it,https://www.amazon.com/portal/customer-reviews/srp/-/R3GDWV6IOFEYZY,Amazon (BIG ELEPHANT),2026-08-20,5,Amazon,VERBATIM,,child learns from feeling wet,feel-wet signal; absorbency that holds a pee,,training underwear (other brand),,,feeling wet teaches the child,Pride,product,,,general toddler parent,
N006,"As a potty training underwear, it is very good. It absorbs well and also he can recognize it is wet. So far so good! Size up recommended",https://www.amazon.com/portal/customer-reviews/srp/-/RJAGLM4BYK34I,Amazon (BIG ELEPHANT),2026-09-28,5,Amazon,VERBATIM,sizing / fit problems,child learns from feeling wet,feel-wet signal; reliable sizing / fit,sizing / fit uncertain,,,,feeling wet teaches the child,Pride,product,,,general toddler parent,Size up recommended
N007,"My daycare provider asked where we got them and wished more kids had great training underwear like these. ... Absorbency was great to catch the beginning of a miss, and usually prevented having to change pants as well.",https://www.amazon.com/dp/B07X1MGZ7W,"Amazon (BIG ELEPHANT, Canada)",2025-01-07,5,Amazon,VERBATIM,,daycare-approved; fewer outfit changes,absorbency that holds a pee; daycare-friendly,,,,,,Pride,product,,daycare staff,working parent / daycare,My daycare provider asked where we got them
N008,These are super cute and I love the idea. My son peed through them very easily so sadly we've put off potty training for a little while longer.,https://www.amazon.com/portal/customer-reviews/srp/-/R1F4AKZ5653W00,Amazon (BIG ELEPHANT),,,Amazon,SNIPPET,leaks / soaked after one pee,,absorbency that holds a pee,won't hold pee / leaks,training underwear (BIG ELEPHANT),,,,Grief,product,,,general toddler parent,peed through them very easily
N009,my son is on the slim side and there is a wide gap around the legs for him. All pee promptly poured out of these gaps.,https://www.amazon.com/portal/customer-reviews/srp/-/R35NVI6GD5SSKT,Amazon (BIG ELEPHANT),,,Amazon,SNIPPET,leaks / soaked after one pee; sizing / fit problems,,reliable sizing / fit,won't hold pee / leaks; sizing / fit uncertain,training underwear (BIG ELEPHANT),,,,Anger,product,,,general toddler parent,All pee promptly poured out
N010,These do not work and will not hold or absorb through the night.,https://www.amazon.com/portal/customer-reviews/srp/-/R1RUTH3CA5D058,Amazon (BIG ELEPHANT),,,Amazon,SNIPPET,leaks / soaked bed at night,dry bed,leakproof at night,won't hold pee / leaks,training underwear (BIG ELEPHANT),,,,Anger,product,nothing works,,night / bedwetting parent,
N011,"Too tight, bought a 2T for my 25lb todler and looked big but the seams were too tight....",https://www.amazon.com/portal/customer-reviews/srp/-/R2UBZAY26N1DZM,Amazon (BIG ELEPHANT),,,Amazon,SNIPPET,sizing / fit problems,,reliable sizing / fit,sizing / fit uncertain,training underwear (BIG ELEPHANT),,,,Anger,product,,,general toddler parent,
N012,"These potty training undies are super soft and absorbent!! Our little guy really likes them and we love that his ""accidents"" never touch the floor....",https://www.amazon.com/portal/customer-reviews/srp/-/R285U38U1NXFC1,Amazon (BIG ELEPHANT),,,Amazon,SNIPPET,,less mess / cleanup,absorbency that holds a pee,,,,,,Pride,product,,,general toddler parent,
N013,Great potty training underwear for my son. It's soft and very absorbent. Although if you don't check often you may have some leakage on the floor.,https://www.amazon.com/portal/customer-reviews/srp/-/REYJHPMT75MYG,Amazon (BIG ELEPHANT),,,Amazon,SNIPPET,leaks / soaked after one pee,,absorbency that holds a pee,holds only one small accident,,,,,Neutrality,product,,,general toddler parent,
N014,"Too wide, not leak proof I want to get my money back but unfortunately it cost more to ship it back Think twice before buying from this seller",https://www.amazon.com/portal/customer-reviews/srp/-/R19NZC9FL4PB13,Amazon (BIG ELEPHANT),,,Amazon,SNIPPET,leaks / soaked after one pee; sizing / fit problems,,absorbency that holds a pee,won't hold pee / leaks; returns cost,training underwear (BIG ELEPHANT),,,,Anger,product,waste of money,,general toddler parent,Think twice before buying
N015,on the way to the toilet but if they have a full release they are not leakproof....,https://www.amazon.com/portal/customer-reviews/srp/-/RX8MSWNQ4QU8I,Amazon (BIG ELEPHANT),,,Amazon,SNIPPET,leaks / soaked after one pee,,absorbency that holds a pee,holds only one small accident,,,,,Neutrality,product,,,general toddler parent,full release
N016,This really useless . Can't hold the urine . It leaks . I just waist my money,https://www.amazon.com/portal/customer-reviews/srp/-/R2BF1KWXAIQQG4,Amazon (BIG ELEPHANT),,,Amazon,SNIPPET,leaks / soaked after one pee,,absorbency that holds a pee,won't hold pee / leaks; waste of money,training underwear (BIG ELEPHANT),,,,Anger,product,waste of money,,general toddler parent,
N017,"They are comfortable, cute, and useful for potty training, but considering the limited absorbency and average workmanship, I'm not sure the price is...",https://www.amazon.com/portal/customer-reviews/srp/-/R222357XS66MMI,Amazon (BIG ELEPHANT),,,Amazon,SNIPPET,,,absorbency that holds a pee,price; quality,,,,,Neutrality,product,,,general toddler parent,
N018,I do think these are good for potty training. My grandson loves picking out a pair and they help him recognize wetness....,https://www.amazon.com/portal/customer-reviews/srp/-/R1WYG1MMVTE70X,Amazon (BIG ELEPHANT),,,Amazon,SNIPPET,,child learns from feeling wet; child picks own pair,feel-wet signal; fun designs,,,,,feeling wet teaches the child,Pride,product,,,grandparent / gift buyer,loves picking out a pair
N019,The underwear are not very absorbent like they review. It socks through the panels. Not very satisfied....,https://www.amazon.com/portal/customer-reviews/srp/-/R3I5KJP0CE3EM1,Amazon (BIG ELEPHANT),,,Amazon,SNIPPET,leaks / soaked after one pee,,absorbency that holds a pee,won't hold pee / leaks; skeptical of brand / reviews,training underwear (BIG ELEPHANT),,,,Anger,product,,,general toddler parent,
N020,I take my toddler out with a thirsties diaper cover and it have had no leaks with the two. I have do add a doubler if he's napping.,https://www.amazon.com/portal/customer-reviews/srp/-/R1OQEDDOF9OCUS,Amazon (BIG ELEPHANT),,,Amazon,SNIPPET,outings / public accidents,protection out in public,absorbency that holds a pee,,,,,,Neutrality,solution,,,eco / cloth parent,add a doubler if he's napping
N021,It's nice but runs small so best to buy one size up. My son wears 2T and it fit too snug on him.,https://www.amazon.com/portal/customer-reviews/srp/-/R1IJHYR68BUEJK,Amazon (BIG ELEPHANT),,,Amazon,SNIPPET,sizing / fit problems,,reliable sizing / fit,sizing / fit uncertain,,,,,Neutrality,product,,,general toddler parent,
N022,"These are soft, fit well, more absorbent than the character undies in most stores. 4 stars, because the tag is on the wrong side on several of them.",https://www.amazon.com/portal/customer-reviews/srp/-/R3FCTNBHBH6DRE,Amazon (MooMoo Baby),,4,Amazon,SNIPPET,,,absorbency that holds a pee,,regular character underwear,,,,Pride,product,,,general toddler parent,
N023,It is a good fit. The only thing is that it needs more absorbancy protection in the upper front part.,https://www.amazon.com/portal/customer-reviews/srp/-/R3D8KIX7I2FNPR,Amazon (MooMoo Baby),,,Amazon,SNIPPET,leaks / soaked after one pee,,front absorbency (boys),holds only one small accident,,,,,Neutrality,product,,,general toddler parent,more absorbancy protection in the upper front
N024,These are very soft and fit great. They contain most messes but allows the child to feel wet.,https://www.amazon.com/portal/customer-reviews/srp/-/R2YP0H94H7MOB4,Amazon (MooMoo Baby),,,Amazon,SNIPPET,,child learns from feeling wet; less mess / cleanup,feel-wet signal; absorbency that holds a pee,,,,,feeling wet teaches the child,Pride,product,,,general toddler parent,contain most messes but allows the child to feel wet
N025,"These training underwear are soft and cute, but I'd recommend sizing up if you have a larger toddler because they can shrink a little after washing",https://www.amazon.com/portal/customer-reviews/srp/-/R1NLHLF3Q65OCW,Amazon (MooMoo Baby),,,Amazon,SNIPPET,sizing / fit problems,,reliable sizing / fit,sizing / fit uncertain,,,,,Neutrality,product,,,general toddler parent,
N026,These were super cute. Not as absorbent as I had hoped. I knew it would leak a bit but this was a lot.,https://www.amazon.com/portal/customer-reviews/srp/-/RZ6HCUJ724QCI,Amazon (MooMoo Baby),,,Amazon,SNIPPET,leaks / soaked after one pee,,absorbency that holds a pee,won't hold pee / leaks,training underwear (MooMoo),,,,Grief,product,,,general toddler parent,
N027,"These are great for potty training. Easy for little ones to pull up and down. My daughter loves the designs on them, especially the unicorn ones....",https://www.amazon.com/portal/customer-reviews/srp/-/RHITJFUCS0CJX,Amazon (MooMoo Baby),,,Amazon,SNIPPET,,independence (pull on/off herself),easy pull up/down; fun designs,,,,,,Pride,product,,,general toddler parent,Easy for little ones to pull up and down
N028,"So these fit as I expected. They are good for Potty training with frequent bathroom visits, but we had some accidents that were more than they could...",https://www.amazon.com/portal/customer-reviews/srp/-/R1KG9ND57JY01L,Amazon (MooMoo Baby),,,Amazon,SNIPPET,leaks / soaked after one pee,,absorbency that holds a pee,holds only one small accident,,,,,Neutrality,product,,,general toddler parent,
N029,"Soft, comfortable, and durable. My toddler has been potty-trained for 6m but we continue to use these durable underwear just in case accidents occur....",https://www.amazon.com/portal/customer-reviews/srp/-/R1QI7D2JQGUHN7,Amazon (MooMoo Baby),,,Amazon,SNIPPET,,backup after training,durable / washable,,,,,,Pride,product,,,general toddler parent,just in case accidents occur
N030,These undies are very soft and look to be very comfortable for our little man. We use them instead of diapers when we are out or visiting family....,https://www.amazon.com/portal/customer-reviews/srp/-/R2Y82COHZCW9GP,Amazon (MooMoo Baby),,,Amazon,SNIPPET,,protection out in public,real-underwear look with protection,,,,,,Pride,product,,,general toddler parent,instead of diapers when we are out
N031,"They are the right size, super soft & comfy but they're not high absorbency by no means. It might hold like a tablespoon of liquids, if that.",https://www.amazon.com/portal/customer-reviews/srp/-/R2UW23ES82VTPD,Amazon (MooMoo Baby),,,Amazon,SNIPPET,leaks / soaked after one pee,,absorbency that holds a pee,won't hold pee / leaks,training underwear (MooMoo),,,,Neutrality,product,,,general toddler parent,hold like a tablespoon of liquids
N032,"The fit ok and the fabric is soft, but absolutely do not protect the bed if the child wets themselves. Don't waste your money or your nights sleep.",https://www.amazon.com/portal/customer-reviews/srp/-/RVHD8ZCTDJHRM,Amazon (MooMoo Baby),,,Amazon,SNIPPET,leaks / soaked bed at night,dry nights,leakproof at night,won't hold pee / leaks; waste of money,training underwear (MooMoo),,,,Anger,product,waste of money,,night / bedwetting parent,your nights sleep
N033,These undies are thick and absorbent and protect against leakage even as they still let your kiddo feel the wetness they need to feel to learn,https://www.amazon.com/portal/customer-reviews/srp/-/ROOH6MNOL9PSP,Amazon (MooMoo Baby),,,Amazon,SNIPPET,,child learns from feeling wet,feel-wet signal; absorbency that holds a pee,,,,,feeling wet teaches the child,Pride,product,,,general toddler parent,feel the wetness they need to feel to learn
N034,These are not absorbent. It's as if you're wearing two pairs of regular underwear. Accidents still all over the mattress. Very disappointed....,https://www.amazon.com/portal/customer-reviews/srp/-/R24CJ09ZA7MO04,Amazon (MooMoo Baby),,,Amazon,SNIPPET,leaks / soaked bed at night,,leakproof at night,won't hold pee / leaks; no better than regular underwear,training underwear (MooMoo),,,,Anger,product,waste of money,,night / bedwetting parent,two pairs of regular underwear
N035,"These training pants are perfect. They are very absorbent so nothing runs down your child's legs or soaks a chair, but the child feels wet unlike...",https://www.amazon.com/portal/customer-reviews/srp/-/R1HBGY96PLD5HJ,Amazon (MooMoo Baby),,,Amazon,SNIPPET,,child learns from feeling wet; less mess / cleanup,feel-wet signal; absorbency that holds a pee,,Pull-Ups / disposables,,,feeling wet teaches the child,Pride,product,,,general toddler parent,nothing runs down your child's legs
N036,these aren't supposed to be as absorbent as diapers but they're not absorbent at all from what I could tell....,https://www.amazon.com/portal/customer-reviews/srp/-/R3HDMV2LG263B5,Amazon (MooMoo Baby),,,Amazon,SNIPPET,leaks / soaked after one pee,,absorbency that holds a pee,won't hold pee / leaks,training underwear (MooMoo),,,,Anger,product,,,general toddler parent,
N037,Don't work. Every accident my daughter had went through to her clothes including two that reached her shoes....,https://www.amazon.com/portal/customer-reviews/srp/-/R2HKZIL698550L,Amazon (MooMoo Baby),,,Amazon,SNIPPET,leaks / soaked after one pee,,absorbency that holds a pee,won't hold pee / leaks,training underwear (MooMoo),,,,Anger,product,nothing works,,general toddler parent,reached her shoes
N038,Works well also bought the Dappi waterproof nylon underwear to go them. To reinforce any mistakes. He wear them to say care and they work great !...,https://www.amazon.com/portal/customer-reviews/srp/-/RHJVWMX26JNKS,Amazon (MooMoo Baby),,,Amazon,SNIPPET,,daycare-approved,waterproof cover layer; daycare-friendly,,,,,,Pride,product,,,working parent / daycare,
N039,Not one single pee accident. What a waste of money. I shouldn't have ordered two at once.,https://www.amazon.com/portal/customer-reviews/srp/-/R2JGWDYX2JK8VT,Amazon (MooMoo Baby),,,Amazon,SNIPPET,leaks / soaked after one pee,,absorbency that holds a pee,waste of money,training underwear (MooMoo),,,,Anger,product,waste of money,,general toddler parent,
N040,But it is worth it because he goes on the toilet now and has no accidents over night. Hope this helps some parents!,https://www.amazon.com/portal/customer-reviews/srp/-/R1NNSZ3VGM705O,Amazon (MooMoo Baby),,,Amazon,SNIPPET,,dry nights; out of diapers / independence,,,,,,,Pride,product,,,night / bedwetting parent,
N041,bath every morning to wash off the urine that's all over him. Not worth it and will have to go back to some type of diaper for night time for...,https://www.amazon.com/portal/customer-reviews/srp/-/R20PRQ4LPITHBQ,Amazon (MooMoo Baby),,,Amazon,SNIPPET,leaks / soaked bed at night; laundry / mess,dry nights,leakproof at night,won't hold pee / leaks; not worth it,training underwear (MooMoo),,,,Grief,product,waste of money,,night / bedwetting parent,bath every morning to wash off the urine
N042,They are alright if they are actually potty trained. They are not leak proof.,https://www.amazon.com/portal/customer-reviews/srp/-/R1P3YVR65C1BHR,Amazon (MooMoo Baby),,,Amazon,SNIPPET,leaks / soaked after one pee,,absorbency that holds a pee,won't hold pee / leaks,training underwear (MooMoo),,,,Neutrality,product,,,general toddler parent,alright if they are actually potty trained
N043,"These are a cute print and my child loves them HOWEVER, the are NOT leakproof, they are NOT water proof, NOT for over night, and do NOT hold a...",https://www.amazon.com/portal/customer-reviews/srp/-/RZD4GYHUZUVPH,Amazon (MooMoo Baby),,,Amazon,SNIPPET,leaks / soaked after one pee,,absorbency that holds a pee; leakproof at night,won't hold pee / leaks,training underwear (MooMoo),,,,Anger,product,,,general toddler parent,
N044,"These worked great! We had a dry night, no leaks and bonus, thwy are cute! They seem to run a little bigger than most",https://www.amazon.com/portal/customer-reviews/srp/-/R3TMEIJR0VP4LJ,Amazon (MooMoo Baby),,,Amazon,SNIPPET,,dry nights,leakproof at night,,,,,,Pride,product,,,night / bedwetting parent,We had a dry night
N045,Terrible. They absorb almost nothing. They leak. I honestly think that wrapping your kid in tissue paper may be more effective than these things.,https://www.amazon.com/portal/customer-reviews/srp/-/R19146ZBS5HHRD,Amazon (MooMoo Baby),,,Amazon,SNIPPET,leaks / soaked after one pee,,absorbency that holds a pee,won't hold pee / leaks,training underwear (MooMoo),,,,Anger,product,waste of money,,general toddler parent,wrapping your kid in tissue paper
N046,"I like that she feels if she wets herself, as it helps teach her that she just peed. In my opinion, diaper training pants are effective because the child cannot feel when they have an accident ... They really are a great training panty, not diaper.",https://www.amazon.com/portal/customer-reviews/srp/-/R3CBUSTT7MLEOE,Amazon (Gerber),2016-04-19,5,Amazon,VERBATIM,,child learns from feeling wet,feel-wet signal,,Pull-Ups / disposables,,,feeling wet teaches the child; pull-ups hide the wet,Pride,product,,,general toddler parent,"a great training panty, not diaper"
N047,"The prints are so cute, she's always so proud to show me she's wearing them ... which helps her feel more excited about potty training in general, more confident and comfortable with no longer wearing diapers.",https://www.amazon.com/portal/customer-reviews/srp/-/R38QQYCUWVI4YL,Amazon (Gerber),2021-09-08,5,Amazon,VERBATIM,,big-kid underwear feeling; child confidence,fun designs; easy pull up/down,,training underwear (other brand),,,,Pride,product,,,general toddler parent,so proud to show me she's wearing them
N048,"Regular underwear will leave her with completely soaked pants, puddle on the floor, and a footprint trail of pee. SAVE yourself the headache. ... My toddler did not seem to mind if her pull up was wet. She would carry on and not even notice at times. It did not work well for us. These panties make it VERY obvious if she wet her underwear.",https://www.amazon.com/portal/customer-reviews/srp/-/R2UDS950IFXZWM,Amazon (Gerber),2018-11-03,5,Amazon,VERBATIM,laundry / mess; child doesn't notice wet / body signals,less mess / cleanup; child learns from feeling wet,feel-wet signal; absorbency that holds a pee,,Pull-Ups / disposables; regular underwear,,,pull-ups hide the wet; feeling wet teaches the child,Pride,product,,,general toddler parent,a footprint trail of pee
N049,"They are not leak resistant but I didn't really expect them to be, but wish they were a little more absorbent. However they get the job done for potty training.",https://www.amazon.com/portal/customer-reviews/srp/-/R2LYYJQYQPW12Y,Amazon (Gerber),2025-11-07,4,Amazon,VERBATIM,leaks / soaked after one pee,,absorbency that holds a pee,holds only one small accident,,,,,Neutrality,product,,,general toddler parent,
N050,"Some of the reviewers seem confused as to what training underwear is for. ... Putting your child in a pull-up teaches them that accidents are ok if you really don't feel like trying. ... Before I even had my 3 girls, I worked at a daycare for 6 years ... I have personally helped potty train about 30 kids.",https://www.amazon.com/portal/customer-reviews/srp/-/R79XN96BX7APH,Amazon (Gerber),2013-12-09,5,Amazon,VERBATIM,,,feel-wet signal,,Pull-Ups / disposables,,training underwear should catch everything,pull-ups hide the wet; commit and it goes fast,Pride,product,,daycare teacher experience,childcare worker,teaches them that accidents are ok
N051,"These pants have been a lifesaver during our potty training journey. ... While they don't function like diapers and won't absorb pee ... Even my 2-year-old can easily put them on and take them off independently, which promotes a sense of independence and confidence",https://www.amazon.com/portal/customer-reviews/srp/-/R28654TU77OLSW,Amazon (Gerber),2024-03-16,5,Amazon,VERBATIM,,independence (pull on/off herself),easy pull up/down,,,,,,Pride,product,,,general toddler parent,a lifesaver during our potty training journey
N052,I like gerber because they soak up most mess and I usually have to clean up is residue or a small puddle vs other brands ive tried and every small potty accident is a huge mess.,https://www.amazon.com/portal/customer-reviews/srp/-/RR84VQFLRFW8E,Amazon (Gerber),2020-04-15,5,Amazon,VERBATIM,laundry / mess,less mess / cleanup,absorbency that holds a pee,,training underwear (other brand),,,,Pride,product,,,general toddler parent,every small potty accident is a huge mess
N053,Love these! Great for potty training. Better than the regular big girl panties because they catch a good amount of the urine if there is an accident....,https://www.amazon.com/portal/customer-reviews/srp/-/R2YB34FWSX24B2,Amazon (Gerber),,,Amazon,SNIPPET,,less mess / cleanup,absorbency that holds a pee,,regular underwear,,,,Pride,product,,,general toddler parent,
N054,"super cute on my little 2 yr old and works great for potty training. she loves her ""big girl"" panties.. they absorb well too, rest easy moms!",https://www.amazon.com/portal/customer-reviews/srp/-/R2GAUYF7ZAPXTQ,Amazon (Gerber),,,Amazon,SNIPPET,,big-kid underwear feeling,absorbency that holds a pee,,,,,,Pride,product,,,general toddler parent,rest easy moms
N055,These are very cute and have a nice thickness about them. They have really helped her potty train as she can feel when she starts to wet.,https://www.amazon.com/portal/customer-reviews/srp/-/RJXGKPVYMZIWY,Amazon (Gerber),,,Amazon,SNIPPET,,child learns from feeling wet,feel-wet signal,,,,,feeling wet teaches the child,Pride,product,,,general toddler parent,
N056,"In addition, they are soft, comfy and absorbent. Half the battle of potty training is wanting them to want to wear panties and these do the trick.",https://www.amazon.com/portal/customer-reviews/srp/-/RUXZJWKTVIIU,Amazon (Gerber),,,Amazon,SNIPPET,child refuses underwear,child wants to wear them,fun designs; soft,,,,,,Pride,product,,,general toddler parent,Half the battle of potty training
N057,"They work as expected and are pretty absorbent. If your child is a heavy sleeper and pees in their sleep, the bed will get wet however....",https://www.amazon.com/portal/customer-reviews/srp/-/R16UMANDHW01RW,Amazon (Gerber),,,Amazon,SNIPPET,leaks / soaked bed at night,dry nights,leakproof at night,,,,,,Neutrality,product,,,night / bedwetting parent,
N058,"Cons: Sized way too big, buy one or two sizes smaller. Not absorbent - pee goes straight through....",https://www.amazon.com/portal/customer-reviews/srp/-/RJ42W14ODAJES,Amazon (Gerber),,,Amazon,SNIPPET,leaks / soaked after one pee; sizing / fit problems,,absorbency that holds a pee; reliable sizing / fit,won't hold pee / leaks; sizing / fit uncertain,training underwear (Gerber),,,,Anger,product,,,general toddler parent,pee goes straight through
N059,for my daughter trying to stop her for wearing pull-ups and they work great you just have to make sure you buy the vinyl covers to put over them.,https://www.amazon.com/portal/customer-reviews/srp/-/R3QX0JYE0NJLNF,Amazon (Gerber),,,Amazon,SNIPPET,,off pull-ups,waterproof cover layer,,Pull-Ups / disposables,,,,Pride,solution,,,general toddler parent,buy the vinyl covers
N060,These panties work great and absorb a small amount of pee but the couch will still get wet.,https://www.amazon.com/portal/customer-reviews/srp/-/R1D8IF67T11PZ0,Amazon (Gerber),,,Amazon,SNIPPET,leaks / soaked after one pee,,absorbency that holds a pee,holds only one small accident,,,,,Neutrality,product,,,general toddler parent,the couch will still get wet
N061,Yet don't help avoid leaks. Terrible purchase. Waste of money. Pretty disappointed coming from such a big brand name.,https://www.amazon.com/portal/customer-reviews/srp/-/R1D23VT9PLEOWN,Amazon (Gerber),,,Amazon,SNIPPET,leaks / soaked after one pee,,absorbency that holds a pee,waste of money; big brand let down,training underwear (Gerber),,,,Anger,product,waste of money,,general toddler parent,
N062,My daughter loves them. The only downside is when she does have an accident it still leaks quite a bit. Mainly when she has to go a lot.,https://www.amazon.com/portal/customer-reviews/srp/-/R3LU88LKHIUILU,Amazon (Gerber),,,Amazon,SNIPPET,leaks / soaked after one pee,,absorbency that holds a pee,holds only one small accident,,,,,Neutrality,product,,,general toddler parent,
N063,A little big (height wise) but the only kind she can pull up herself! Soft and catches a little wetness so there's no floor puddles.,https://www.amazon.com/portal/customer-reviews/srp/-/R10G10OQEU6KM8,Amazon (Gerber),,,Amazon,SNIPPET,,independence (pull on/off herself); less mess / cleanup,easy pull up/down,,,,,,Pride,product,,,general toddler parent,the only kind she can pull up herself
N064,"Perfected fit , she loves them nice and thick do not shrink in dyer at times I put plastic rubber pants on time as we travel in case of a acid...",https://www.amazon.com/portal/customer-reviews/srp/-/RW8JRYVCOLYSO,Amazon (Gerber),,,Amazon,SNIPPET,outings / public accidents,protection out in public,waterproof cover layer,,,,,,Pride,product,,,general toddler parent,
N065,These are a must have for potty training. The padded part helps with accidents but doesn't work like a diaper. It will absorb some but they still get wet and it helps them understand.,https://www.amazon.com/portal/customer-reviews/srp/-/R3E01QE30A0TRU,Amazon (Hanes),2025-09-30,5,Amazon,VERBATIM,,child learns from feeling wet,feel-wet signal; absorbency that holds a pee,,,,,feeling wet teaches the child,Pride,product,,,general toddler parent,it helps them understand
N066,"My son loves these, very easy to put on by himself and take off quick for bathroom breaks.",https://www.amazon.com/portal/customer-reviews/srp/-/R2ZELDMES44FOU,Amazon (Hanes),2025-07-25,5,Amazon,VERBATIM,,independence (pull on/off herself),easy pull up/down,,,,,,Pride,product,,,general toddler parent,
N067,at naps and bedtime I was using a diaper/pull up to keep me from having to wash bedding. He would pee in them if he wore them but stays dry when he has underwear on. So I had to break away from the pull ups ... not one drop got on his bed. Yes the underwear were wet but it saves from having to wash all the bedding.,https://www.amazon.com/portal/customer-reviews/srp/-/R1OZ077GQ7LE3V,Amazon (Hanes),2023-05-04,5,Amazon,VERBATIM,laundry / mess,dry nights; off pull-ups,leakproof at night; absorbency that holds a pee,,Pull-Ups / disposables,,,pull-ups hide the wet,Pride,product,,,night / bedwetting parent,stays dry when he has underwear on
N068,We mostly let him run around naked since he can't quite get them all the way up and down on his own ... they save our furniture and floors from major pee puddles. ... I just wanted something to put on him when I sit him down to eat or need to leave the room and do laundry,https://www.amazon.com/portal/customer-reviews/srp/-/R33N2OH5IH5AOQ,Amazon (Hanes),2023-10-23,5,Amazon,VERBATIM,laundry / mess,less mess / cleanup,absorbency that holds a pee,,naked method,,,,Pride,product,,,general toddler parent,save our furniture and floors from major pee puddles
N069,"The fabric is incredibly soft, making it comfortable against my 2-year-old's sensitive skin. ... The smooth, comfort-seams are gentle on his skin and minimize irritation. My only concern is that the size runs a bit small",https://www.amazon.com/portal/customer-reviews/srp/-/RRGZAHUNE0T4H,Amazon (Hanes),2023-08-04,4,Amazon,VERBATIM,sizing / fit problems; sensory discomfort,comfort on sensitive skin,sensory-friendly fit,sizing / fit uncertain,,,,,Pride,product,,,ND / sensory parent,gentle on his skin
N070,I've had these for about 2 years now. My toddler wore them to school. He has now outgrown them. The fabric is soft and the lining is thick and absorbent.,https://www.amazon.com/portal/customer-reviews/srp/-/R3BFTUFE6V2Z8Z,Amazon (Hanes),2025-07-15,5,Amazon,VERBATIM,,daycare-approved,absorbency that holds a pee; daycare-friendly; durable / washable,,,,,,Pride,product,,,working parent / daycare,My toddler wore them to school
N071,These underwear hold his pee in of he has an accident. So goodbye to stepping in random wet spots.,https://www.amazon.com/portal/customer-reviews/srp/-/R2UA4ZMBLVM699,Amazon (Hanes),2025-04-29,5,Amazon,VERBATIM,laundry / mess,less mess / cleanup,absorbency that holds a pee,,,,,,Pride,product,,,general toddler parent,goodbye to stepping in random wet spots
N072,Complete waste of money as they leak! I bought them for my 4 year old to help him learn to come out of nappies at night but he went through 2 pairs in the night and it wet the bed. They are most definitely NOT leakproof!,https://www.amazon.com/dp/B0BHX8S5J3,"Amazon (Hanes, UK)",2025-07-03,1,Amazon,VERBATIM,leaks / soaked bed at night,dry nights,leakproof at night,won't hold pee / leaks; waste of money,training underwear (Hanes),,,,Anger,product,waste of money,,night / bedwetting parent,most definitely NOT leakproof
N073,Fit fine at first but get loose after few minutes of wearing and get too loose and leaks go through. Disappointed.,https://www.amazon.com/dp/B0BHX8S5J3,"Amazon (Hanes, UAE)",2025-06-27,1,Amazon,VERBATIM,leaks / soaked after one pee; sizing / fit problems,,reliable sizing / fit,won't hold pee / leaks,training underwear (Hanes),,,,Grief,product,,,general toddler parent,
N074,Game changer for any potty training parent ... I do wish they had some sort of line or cooling sensation to let us and her know if she pees. Sometimes they're so absorbant that I don't realize she's gone in them until after a couple of pees.,https://www.amazon.com/dp/B077VKQY65,"Amazon (Pampers Easy Ups, Canada)",2020-11-10,5,Amazon,VERBATIM,child doesn't notice wet / body signals,,feel-wet signal; wetness indicator,,,,,pull-ups hide the wet,Pride,product,,,general toddler parent,I don't realize she's gone in them
N075,"I took off a star though bc it doesn't have a wetness indicator ... These really are an ""alternative"" to underwear as opposed to a pull up version of diapers.",https://www.amazon.com/dp/B077VKQY65,"Amazon (Pampers Easy Ups, Canada)",2021-08-31,4,Amazon,VERBATIM,,,wetness indicator,,,,,,Neutrality,product,,,general toddler parent,
N076,these are better for potty trained toddlers that are no longer pooping in the pullups.,https://www.amazon.com/dp/B077VKQY65,"Amazon (Pampers Easy Ups, Canada)",2023-12-30,4,Amazon,VERBATIM,poop accidents messy,,,,Pull-Ups / disposables,,,,Neutrality,product,,,general toddler parent,
N077,"My daughter pee's a lot through the night still and huggies shape and absorption just didn't cut it. ... have eliminated night times leaks completely ... I also like they slide on like real underwear, preparing her and I for potty training.",https://www.amazon.com/dp/B077VKQY65,"Amazon (Pampers Easy Ups, Canada)",2020-10-15,5,Amazon,VERBATIM,leaks / soaked bed at night,dry nights,leakproof at night,,Pull-Ups / disposables,,,,Pride,product,,,night / bedwetting parent,slide on like real underwear
N078,"We are planning to start potty training April baby right after Thanksgiving, and I am trying to figure out the best training pants.",https://community.whattoexpect.com/forums/april-2025-babies/topic/potty-training-pants-176998698.html,What to Expect,,,Forum,SNIPPET,,,,,,holiday break / planned start,,,Desire,solution,,other parents,working parent / daycare,right after Thanksgiving
N079,my little one has been potty trained for a while now but still quite often has small leaks. anyone else have the same and any advice?,https://community.whattoexpect.com/forums/may-2021-babies/topic/potty-trained-but-still-has-small-leaks-160134740.html,What to Expect,,,Forum,SNIPPET,small leaks after training,,absorbency for dribbles,,,,,,Fear,problem,,other parents,general toddler parent,still quite often has small leaks
N080,"If their concern is more about having to clean up accidents, what about those underwear that will prevent leaks but still let the child feel ...",https://community.whattoexpect.com/forums/july-2023-babies/topic/potty-training-when-daycare-requires-pull-ups-174006652.html,What to Expect,,,Forum,SNIPPET,daycare pull-up/underwear rules,,feel-wet signal; daycare-friendly,,Pull-Ups / disposables,daycare pull-up/underwear rules,,feeling wet teaches the child,Willingness,solution,,other parents,working parent / daycare,
N081,Has anyone found training pants that look and feel like underwear but would hold at least one pee? Thank you!,https://community.whattoexpect.com/forums/march-2023-babies/topic/leakproof-training-underwear-172255924.html,What to Expect,,,Forum,SNIPPET,,real-underwear look with protection,absorbency that holds a pee; real-underwear feel,,training underwear (generic),,,,Desire,solution,,other parents,general toddler parent,hold at least one pee
N082,Put them in regular undies with a normal nappy on top. They'll feel the wetness of the undies but you won't have the mess on the floor.,https://community.whattoexpect.com/forums/potty-training/topic/diaperspull-ups-that-let-child-feel-wet-174465002.html,What to Expect,,,Forum,SNIPPET,,less mess / cleanup,feel-wet signal; layered protection,,,,,feeling wet teaches the child,Neutrality,solution,,other parents,general toddler parent,
N083,"In my experiences training pants/underwear are not very absorbent at all, and can easily leak . They are good for little dribbles of pee.",https://community.whattoexpect.com/forums/hot-topics-1/topic/nh-training-pants-instead-of-pullups-170231312.html,What to Expect,,,Forum,SNIPPET,leaks / soaked after one pee,,absorbency that holds a pee,holds only one small accident,training underwear (generic),,,,Neutrality,solution,,,general toddler parent,good for little dribbles of pee
N084,Almost 3 1/2 was unwilling to potty train but all week has been asking to wear underwear. We've been putting him in underwear and he's only had a few accidents.,https://community.whattoexpect.com/forums/may-2023-babies.html,What to Expect,,,Forum,SNIPPET,,child-led readiness,,,,child asks for underwear,,readiness matters,Pride,problem,,,late-trainer parent,asking to wear underwear
N085,"They are not waterproof, but delay the accident from wetting down everything instantly! We also use ""rubber pants"" - basically plastic underwear",https://community.whattoexpect.com/forums/june-2023-babies/topic/training-underwear-173014176.html,What to Expect,,,Forum,SNIPPET,,buys time to reach potty,absorbency that holds a pee; waterproof cover layer,,,,,,Neutrality,solution,,,general toddler parent,delay the accident from wetting down everything
N086,"I think they work a little better than the other training underwear that I've tried. They leak, but a lot less than others.",https://community.whattoexpect.com/forums/march-2024-babies/topic/upairy-for-potty-training-176464278.html,What to Expect,,,Forum,SNIPPET,leaks / soaked after one pee,,absorbency that holds a pee,holds only one small accident,training underwear (generic),,,,Neutrality,product,,,general toddler parent,"They leak, but a lot less than others"
N087,I'm wondering if I should put her in underwear and put a pull up on top of that so she can feel when she's wet but won't make a mess?,https://community.whattoexpect.com/forums/the-toddler-years/topic/potty-training-questions-173285228.html,What to Expect,,,Forum,SNIPPET,,less mess / cleanup,feel-wet signal; layered protection,,,,,feeling wet teaches the child,Desire,solution,,,general toddler parent,feel when she's wet but won't make a mess
N088,"PS don't get disposable pull ups, they are not the same, they advertise themselves as training pants but they are just nappies and the child ...",https://www.mumsnet.com/talk/potty_training/2622313-training-pants,Mumsnet,,,Forum,SNIPPET,,,,,Pull-Ups / disposables,,,pull-ups are just diapers,Pride,solution,,other parents,general toddler parent,they are just nappies
N089,"He's been in them for over a year as he was such a wriggler we never got his nappies on properly and he leaked, so we found pull ups much better ...",https://www.mumsnet.com/talk/potty_training/5182527-nursery-wont-help-with-pants-is-this-normal?flipped=1&page=1,Mumsnet,,,Forum,SNIPPET,daycare pull-up/underwear rules,,,,,daycare pull-up/underwear rules,,,Neutrality,solution,,nursery staff,working parent / daycare,
N090,"We've never had a leak with Dry Nites, but have a leak every single time we use Huggies pull ups.",https://www.mumsnet.com/talk/potty_training/5271397-nighttime-different-expectations-with-nappies-vs-pull-ups,Mumsnet,,,Forum,SNIPPET,leaks / soaked bed at night,dry nights,leakproof at night,,Pull-Ups / disposables,,,,Neutrality,product,,,night / bedwetting parent,a leak every single time
N091,Pull-ups are a marketing gimmick and are simple nappies under another name. They will not help train your child- I speak as a very experienced ...,https://www.mumsnet.com/talk/potty_training/1412338-first-time-at-training-and-I-am-so-confused-pull-ups-or-not,Mumsnet,,,Forum,SNIPPET,,,,,Pull-Ups / disposables,,,pull-ups are just diapers,Pride,solution,,experienced childcarer,childcare worker,a marketing gimmick
N092,Disposable pull-ups didn't work for us as DS just used them like a nappy but we didn't have that problem with the BB training pants.,https://www.mumsnet.com/talk/potty_training/891877-waterproof-pants-for-training,Mumsnet,,,Forum,SNIPPET,,,washable / reusable,,Pull-Ups / disposables,,,pull-ups are just diapers,Pride,product,,,general toddler parent,just used them like a nappy
N093,"Cloth training pants good imo, DCs think they are normal pants, feel wet like normal pants, but the bit of plastic in the gusset area prevents a ...",https://www.mumsnet.com/talk/parenting/700411-Training-pants-worth-it-or-not,Mumsnet,,,Forum,SNIPPET,,real-underwear look with protection,feel-wet signal; real-underwear feel,,,,,feeling wet teaches the child,Pride,solution,,,eco / cloth parent,think they are normal pants
N094,Straight to pants. Mine treated training pants and pull ups as nappies. They were much better bare bum at home,https://www.mumsnet.com/talk/potty_training/1381190-Training-pants-worth-getting-or-waste-of-money,Mumsnet,2012-01-11,,Forum,SNIPPET,,,,not needed,training underwear (generic); Pull-Ups / disposables,,,,Neutrality,solution,,,general toddler parent,treated training pants and pull ups as nappies
N095,"There are night pull-ups specifically for this age range: Ninjamas or Huggies night pants, which look more like pants than nappies.",https://www.mumsnet.com/talk/potty_training/5548590-night-time-pull-ups-for-older-child-recommendations-pros-and-cons,Mumsnet,,,Forum,SNIPPET,night wetting; size / big-kid products,dignity / looks like pants,discreet; bigger sizes,,,,,,Neutrality,product,,,night / bedwetting parent,look more like pants than nappies
N096,Definately the underwear and no pull ups. They should be used to cleaning up some accidents.,https://community.babycenter.com/post/a34949605/pullups_vs_underwear_at_daycare_when_potty_training_update_on_last_page,BabyCenter,,,Forum,SNIPPET,daycare pull-up/underwear rules,,daycare-friendly,,Pull-Ups / disposables,,,,Pride,solution,,,working parent / daycare,
N097,"His underwear was the same pair I put on him that morning, so I know he didn't have an accident. I talked to one of the teachers on Friday ...",https://community.babycenter.com/post/a41894923/daycare_putting_potty_trained_kid_in_pull_ups,BabyCenter,,,Forum,SNIPPET,daycare vs home inconsistency,,daycare-friendly,,,daycare pull-up/underwear rules,,,Anger,problem,,,working parent / daycare,
N098,Even if he is fully potty trained and can hold it and go only every hour she says she has to watch him have dry pull-ups for 2 weeks before she ...,https://community.babycenter.com/post/a39257932/daycare_insists_on_pull-ups._advice_needed_please._thank_you,BabyCenter,,,Forum,SNIPPET,daycare pull-up/underwear rules,,daycare-friendly,,Pull-Ups / disposables,daycare pull-up/underwear rules,,,Anger,problem,,daycare staff,working parent / daycare,dry pull-ups for 2 weeks
N099,I would invest in cloth trainers that have enough absorbency to hold one accident.,https://community.babycenter.com/post/a34201795/daycare_demands_pull-ups_what_to_do,BabyCenter,,,Forum,SNIPPET,daycare pull-up/underwear rules,,absorbency that holds a pee; daycare-friendly; washable / reusable,,,daycare pull-up/underwear rules,,,Willingness,solution,,other parents,working parent / daycare,enough absorbency to hold one accident
N100,My daycare is apparently no help because all they said is if she keeps having accidents she needs to be put back in pull ups or diapers.,https://community.babycenter.com/post/a69353852/help-almost-fully-potty-trained-at-home-but-not-in-public-and-daycare,BabyCenter,,,Forum,SNIPPET,daycare vs home inconsistency; daily accidents at school/daycare,,daycare-friendly,,Pull-Ups / disposables,daycare pull-up/underwear rules,,,Anger,problem,,,working parent / daycare,put back in pull ups or diapers
N101,"Our preschool doesn't allow any pullups. It's underpants only, children must be independently toilet trained before preschool starts.",https://community.babycenter.com/post/a43666348/preschooler_and_pull_ups,BabyCenter,,,Forum,SNIPPET,deadline pressure (daycare/school rule),,daycare-friendly,,,daycare/preschool deadline,,,Neutrality,problem,,,working parent / daycare,underpants only
N102,"It was always more of a fight, so we threw in the towel and let it go, went back to pull ups. Then one night DS just decieded he wanted to go",https://community.babycenter.com/post/a53576563/ready_to_throw_in_the_towel_on_potty_training.,BabyCenter,,,Forum,SNIPPET,power struggle,child-led readiness,,,Pull-Ups / disposables,,,readiness matters,Apathy,problem,,,late-trainer parent,threw in the towel
N103,I would recommend against going back to Pull-Ups if she does fine at home. Pull-Ups for partial days was causing my ODS to revert back,https://community.babycenter.com/post/a25305541/my_dd_keeps_having_pee_accidents_at_preschool,BabyCenter,,,Forum,SNIPPET,daily accidents at school/daycare; regression,,,,Pull-Ups / disposables,accidents at preschool,,pull-ups cause regression,Neutrality,solution,,,working parent / daycare; regression parent,causing my ODS to revert back
N104,"The problem is that your child isn't bothered about the feeling of being wet/soiled, this can be a sign of sensory processing issues etc so worth going back to ...",https://www.mumsnet.com/talk/education/5485471-school-said-it-might-be-best-if-ds-is-put-back-in-nappies?page=4,Mumsnet,,,Forum,SNIPPET,child doesn't notice wet / body signals; daily accidents at school/daycare,,feel-wet signal,,,school says back to nappies,,,Neutrality,problem,,other parents,ND / sensory parent; school-age accidents parent,isn't bothered about the feeling of being wet
N105,Putting him back in nappies does seems retrograde step but if it makes life a little bit easier for now so be it.,https://www.mumsnet.com/talk/education/5485471-school-said-it-might-be-best-if-ds-is-put-back-in-nappies?flipped=1&page=12,Mumsnet,,,Forum,SNIPPET,daily accidents at school/daycare,,,,diapers / nappies,school says back to nappies,,,Acceptance,problem,,other parents,school-age accidents parent,retrograde step
N106,"They don't allow pull ups unless they have the pull tabs like on diapers. Once you start potty training and wearing underwear, no more diapers ...",https://www.reddit.com/r/workingmoms/comments/1pspay7/daycare_moms_potty_training_tips/,Reddit r/workingmoms,,,Reddit,SNIPPET,daycare pull-up/underwear rules,,daycare-friendly,,,daycare pull-up/underwear rules,,,Neutrality,solution,,daycare staff,working parent / daycare,
N107,The daycare has to be fully on board with potty training too. Pull-ups were essential for naps until he was able to stay dry consistently.,https://www.reddit.com/r/workingmoms/comments/1rmlsnh/potty_training_underpants/,Reddit r/workingmoms,,,Reddit,SNIPPET,daycare vs home inconsistency,daycare on board,daycare-friendly; nap protection,,Pull-Ups / disposables,,,,Neutrality,solution,,daycare staff,working parent / daycare,The daycare has to be fully on board
N108,"They require pull ups until kiddo is two weeks accident free, before they can wear underwear. Underwear and pull ups feel like a diaper and can ...",https://www.reddit.com/r/workingmoms/comments/1htuhc4/potty_training_working_mom_daycare/,Reddit r/workingmoms,,,Reddit,SNIPPET,daycare pull-up/underwear rules,,daycare-friendly,,Pull-Ups / disposables,daycare pull-up/underwear rules,,pull-ups are just diapers,Neutrality,solution,,daycare staff,working parent / daycare,two weeks accident free
N109,"Yes, requiring pull-ups for newly potty trained kids is common practice. If they run out, they get put in a pull up and their last change of ...",https://www.reddit.com/r/ECEProfessionals/comments/1wfvc3z/toilet_training_daycare_wanting_them_to_go_in/,Reddit r/ECEProfessionals,,,Reddit,SNIPPET,daycare pull-up/underwear rules,,daycare-friendly,,,daycare pull-up/underwear rules,,,Neutrality,solution,,daycare staff,childcare worker,
N110,"We keep a pull-up on under the underwear until they've pooped, then take it off and let them wear just the underwear for the rest of the day.",https://www.reddit.com/r/ECEProfessionals/comments/1leo5m8/potty_training_underwear_over_pullup/,Reddit r/ECEProfessionals,,,Reddit,SNIPPET,,,daycare-friendly; layered protection,,,,,,Neutrality,solution,,daycare staff,childcare worker,
N111,I run a home daycare and I require pull-ups. Pull-ups are great for kids learning the first steps of potty training.,https://www.reddit.com/r/ECEProfessionals/comments/1bmnxku/am_i_the_only_one_who_doesnt_get_the_pullup_hate/,Reddit r/ECEProfessionals,,,Reddit,SNIPPET,daycare pull-up/underwear rules,,,,,daycare pull-up/underwear rules,,pull-ups help early training,Neutrality,solution,,daycare staff,childcare worker,I require pull-ups
N112,You could try sending her in underwear with a pull-up over them. It reduces the mess but they will have the sensation of being wet.,https://www.reddit.com/r/workingmoms/comments/13v1lie/help_after_the_3_day_potty_training_method/,Reddit r/workingmoms,,,Reddit,SNIPPET,,less mess at daycare,feel-wet signal; layered protection,,3-day / Oh Crap method,after 3-day method,,feeling wet teaches the child,Neutrality,solution,,other parents,working parent / daycare,the sensation of being wet
N113,Skip the pull-ups. They're just diapers with more steps.,https://www.reddit.com/r/ECEProfessionals/comments/1qcvtvx/diaper_to_pullup_to_undies_transition/,Reddit r/ECEProfessionals,,,Reddit,SNIPPET,,,,,Pull-Ups / disposables,,,pull-ups are just diapers,Pride,solution,,daycare staff,childcare worker,just diapers with more steps
N114,They are the exact same thing as diapers but just pull up and down to be like underwear. They WILL NOT help with potty training because they are ...,https://www.reddit.com/r/toddlers/comments/1aw15sq/ftm_so_please_dont_be_mean_what_the_heck_is_the/,Reddit r/toddlers,,,Reddit,SNIPPET,,,,,Pull-Ups / disposables,,,pull-ups are just diapers,Pride,solution,,other parents,general toddler parent,They WILL NOT help with potty training
N115,Definitely no pull-ups except at naptime! Check out training underwear—they're slightly absorbent to handle small leaks or ineffective wiping ...,https://www.reddit.com/r/ECEProfessionals/comments/1jc5qz0/newly_potty_trained_3_yr_old_what_to_send_her_in/,Reddit r/ECEProfessionals,,,Reddit,SNIPPET,,,absorbency that holds a pee; daycare-friendly,,Pull-Ups / disposables,daycare/preschool deadline,,,Neutrality,solution,,daycare staff,childcare worker,
N116,"Daycare will work with us, taking her to the potty and prompting often. Depending on how the weekend goes, we'll send her in underwear on Monday ...",https://www.reddit.com/r/workingmoms/comments/1ec2wnn/how_do_working_parents_potty_train/,Reddit r/workingmoms,,,Reddit,SNIPPET,limited time (working parent),train over a weekend,daycare-friendly,,,weekend training before daycare Monday,,,Willingness,solution,,daycare staff,working parent / daycare,send her in underwear on Monday
N117,The training underwear I found didn't hold really anything other than if your kid started and could stop quick before running to the bathroom.,https://www.reddit.com/r/toddlers/comments/1n3dwwl/potty_training_underwear_which_one_should_i_choose/,Reddit r/toddlers,,,Reddit,SNIPPET,leaks / soaked after one pee,,absorbency that holds a pee,holds only one small accident,training underwear (generic),,,,Neutrality,solution,,,general toddler parent,didn't hold really anything
N118,"No, they leaked, not worth the money. Tried on my grandson, went thru ...",https://www.reddit.com/r/toddlers/comments/15ipv6w/are_potty_training_pants_worth_it/,Reddit r/toddlers,,,Reddit,SNIPPET,leaks / soaked after one pee,,absorbency that holds a pee,won't hold pee / leaks; waste of money,training underwear (generic),,,,Anger,solution,waste of money,,grandparent / gift buyer,not worth the money
N119,"I wouldn't bother with training underwear. I'd wait until you think she and you are ready to do it, and get rid of the diapers.",https://www.reddit.com/r/moderatelygranolamoms/comments/1ihyyrs/are_training_underwear_worth_it/,Reddit r/moderatelygranolamoms,,,Reddit,SNIPPET,,,,not needed,training underwear (generic),,,readiness matters,Neutrality,solution,,Oh Crap method,eco / cloth parent,I wouldn't bother with training underwear
N120,"Totally not worth it in my opinion. My dude doesn't ""leak"" though - it's a whole pee or nothing with him, in which case potty training underwear ...",https://www.reddit.com/r/toddlers/comments/1ogyck8/potty_training_underwear/,Reddit r/toddlers,,,Reddit,SNIPPET,leaks / soaked after one pee,,absorbency that holds a pee,holds only one small accident,training underwear (generic),,,,Neutrality,solution,waste of money,,general toddler parent,a whole pee or nothing
N121,"Training underwear…..is well kind of a old school method. However, if your kid hates being wet it can work well.",https://www.reddit.com/r/Mommit/comments/1m99fjw/potty_training_underwear/,Reddit r/Mommit,,,Reddit,SNIPPET,,,feel-wet signal,,,,,feeling wet teaches the child,Neutrality,solution,,,general toddler parent,if your kid hates being wet
N122,So we use these Hanes potty training underwear I found on Amazon and the nice thing is that they don't leak or make a mess. The downside is that ...,https://www.reddit.com/r/pottytraining/comments/1n3dw75/potty_training_underwear_which_one_should_i_choose/,Reddit r/pottytraining,,,Reddit,SNIPPET,,less mess / cleanup,absorbency that holds a pee,,,,,,Pride,product,,,general toddler parent,
N123,Yes! They truly have reusable potty training underwear. Basically like period underwear lol. I was in the same situation with my daughter - she ...,https://www.reddit.com/r/Parenting/comments/1mbiibx/reusable_overnight_underwear_for_potty_trained/,Reddit r/Parenting,,,Reddit,SNIPPET,night wetting,dry nights,leakproof at night; washable / reusable,,,,,,Pride,solution,,,night / bedwetting parent,Basically like period underwear
N124,"Sure, a little dribble might not leak through to the pants but a full accident will 100% leak.",https://www.reddit.com/r/pottytraining/comments/1ol01s1/has_anyone_ever_tried_potty_training_underwear/,Reddit r/pottytraining,,,Reddit,SNIPPET,leaks / soaked after one pee,,absorbency that holds a pee,holds only one small accident,training underwear (generic),,,,Neutrality,solution,,,general toddler parent,a full accident will 100% leak
N125,"In my experience, the thicker training underwear was good really only after the major push of potty training was over.",https://www.reddit.com/r/toddlers/comments/1v26rty/do_toddler_training_underwear_actually_help_potty/,Reddit r/toddlers,,,Reddit,SNIPPET,,backup after training,,only useful late in training,training underwear (generic),,,,Neutrality,solution,,,general toddler parent,
N126,Absorbent underwear is totally fine though! I see a lot of my parents go to walmart they have a large selection of training underwear that ...,https://www.reddit.com/r/pottytraining/comments/1iy5nr9/no_naked_method_anyone_did_it_and_succeeded/,Reddit r/pottytraining,,,Reddit,SNIPPET,,,absorbency that holds a pee,,naked method,,,,Neutrality,solution,,daycare staff,childcare worker,
N127,The training underwear doesn't hold too much and is good for when kids don't pee all at once.,https://www.reddit.com/r/pottytraining/comments/1c5bmka/can_someone_explain_the_purpose_of_training/,Reddit r/pottytraining,,,Reddit,SNIPPET,,,absorbency that holds a pee,holds only one small accident,,,,,Neutrality,solution,,,general toddler parent,
N128,Tell that to my (adopted) son that has dealt with encopresis for 5 years due to being punished for accidents during potty training.,https://www.reddit.com/r/daddit/comments/1gp0eer/3_yo_has_daily_underwear_accidents_and_im_at_my/,Reddit r/daddit,,,Reddit,SNIPPET,withholding / poop refusal; punishment backfires,no-pressure process,,,punishment,,,no shame approach,Grief,problem,,,dad; withholding parent,punished for accidents
N129,The past couple days we've had zero successful trips and 8 or so accidents. Sometimes underwear completely soaked and without saying anything to ...,https://www.reddit.com/r/daddit/comments/1t5luac/potty_training_is_driving_me_crazy_anyone_elses/,Reddit r/daddit,,,Reddit,SNIPPET,constant accidents; laundry / mess,,,,,,,,Anger,problem,,,dad,
N130,She loves the potty but doesn't follow her own cues to go. Accidents everywhere. So much poop and soaked carpets.,https://www.reddit.com/r/daddit/comments/1jnhpxd/potty_training_is_so_much_worse_than_i_expected/,Reddit r/daddit,,,Reddit,SNIPPET,constant accidents; laundry / mess,,,,,,,,Apathy,problem,,,dad,So much poop and soaked carpets
N131,"Out of diapers completely, sleeps in PJs and underwear. She's been having accidents at night a lot more frequently.",https://www.reddit.com/r/daddit/comments/1ryzcig/potty_trained_and_accidents/,Reddit r/daddit,,,Reddit,SNIPPET,night wetting; regression,dry nights,,,,,,,Fear,problem,,,dad; night / bedwetting parent,
N132,"The only thing I'd recommend is getting some washable ""training pants"" or cloth diapers.",https://www.reddit.com/r/daddit/comments/1uo33t6/underwear_back_to_pullups/,Reddit r/daddit,,,Reddit,SNIPPET,,,washable / reusable,,Pull-Ups / disposables,,,,Neutrality,solution,,other parents,dad,
N133,With training underwear they will know immediately if they have an accident and it's uncomfortable. This helps them learn what it feels like ...,https://www.reddit.com/r/daddit/comments/1g2pget/how_are_yall_dads_managing_with_a_35_yo_who_is/,Reddit r/daddit,,,Reddit,SNIPPET,,child learns from feeling wet,feel-wet signal,,,,,feeling wet teaches the child,Neutrality,solution,,other parents,dad; late-trainer parent,they will know immediately
N134,Our daughter has been consistently using the potty without accidents for nine months then this past few weeks has taken to pooping in her ...,https://www.reddit.com/r/daddit/comments/1sbwlxk/day_1_of_potty_training_reset_3yr_old_daughter/,Reddit r/daddit,,,Reddit,SNIPPET,regression; poop accidents messy,,,,,,,,Fear,problem,,,dad; regression parent,
N135,"DO NOT yell or get frustrated, but clearly tell him “buddy pee pee goes in the potty. You can't pee pee in your undies. You have to keep them ...",https://www.reddit.com/r/daddit/comments/1d785se/how_do_i_get_started_with_potty_training/,Reddit r/daddit,,,Reddit,SNIPPET,,calm no-pressure process,,,,,,no shame approach,Courage,problem,,other parents,dad,DO NOT yell or get frustrated
N136,They hold a lot of urine. Kiddo will pee in them with a full bladder before letting us know that they need changed. No leaks. I like them better ...,https://www.reddit.com/r/pottytraining/comments/1jre9lv/upairy_training_pants/,Reddit r/pottytraining,,,Reddit,SNIPPET,,less mess / cleanup,absorbency that holds a pee,,,,,,Pride,product,,,general toddler parent,They hold a lot of urine
N137,"For us they Big Elephant work at all - we still had a lot of leaks, especially during the nighttime.",https://www.reddit.com/r/pottytraining/comments/1h4mtuk/potty_training_underwear/,Reddit r/pottytraining,,,Reddit,SNIPPET,leaks / soaked bed at night,,leakproof at night,won't hold pee / leaks,training underwear (BIG ELEPHANT),,,,Anger,product,,,night / bedwetting parent,
N138,The outside material doesn't even feel waterproof! And the inside absorbant pad seems to be nothing more than a cotton gauze material. Total ...,https://www.reddit.com/r/toddlers/comments/1jx7e4o/upairy_training_pants_review_they_dont_work/,Reddit r/toddlers,,,Reddit,SNIPPET,leaks / soaked after one pee; poor quality,,absorbency that holds a pee,won't hold pee / leaks; quality,training underwear (UpAiry),,,ads overpromise,Anger,product,waste of money,,general toddler parent,
N139,I bought them and they aren't leakproof. You might as well save your money and buy training underwear.,https://www.reddit.com/r/pottytraining/comments/1qe1pdc/upairy/,Reddit r/pottytraining,,,Reddit,SNIPPET,leaks / soaked after one pee,,absorbency that holds a pee,won't hold pee / leaks; price,training underwear (UpAiry),,,,Neutrality,product,waste of money,,general toddler parent,save your money
N140,So for underwear we got the MooMoo training underwear from amazon. Like UpAiry they have a waterproof layer. That said regardless of brand ...,https://www.reddit.com/r/Mommit/comments/1m99fjw/potty_training_underwear/,Reddit r/Mommit,,,Reddit,SNIPPET,,,waterproof cover layer,,,,,,Neutrality,product,,,general toddler parent,
N141,I want to leave the house. So I bought some training pants on Amazon (moomoo baby) and I plan on using them as he does NOT care about wet undies,https://www.reddit.com/r/pottytraining/comments/1e6glss/training_pants_cloth/,Reddit r/pottytraining,,,Reddit,SNIPPET,stuck at home during training; child doesn't notice wet / body signals,leave the house,protection out in public,,,cabin fever during training,,,Desire,product,,,general toddler parent,I want to leave the house
N142,"I use the Upairy training underwear with my daughter. Not a silver bullet, but I like them better than the cheaper ones from Amazon",https://www.reddit.com/r/pottytraining/comments/1uh7439/upairy_training_pants/,Reddit r/pottytraining,,,Reddit,SNIPPET,,,,,training underwear (other brand),,,,Neutrality,product,,,general toddler parent,Not a silver bullet
N143,They seem to have too much padding and he doesn't know they are wet. Not to mention that they do in fact leak.,https://www.reddit.com/r/toddlers/comments/1q0cwz6/upairy_fail/,Reddit r/toddlers,,,Reddit,SNIPPET,leaks / soaked after one pee; child doesn't notice wet / body signals,,feel-wet signal,won't hold pee / leaks; feels like a diaper,training underwear (UpAiry),,,pull-ups hide the wet,Anger,product,,,general toddler parent,he doesn't know they are wet
N144,"My only complaint is because they are thicker, she sweats a little more in them but it's not a deal breaker for me. She does recognize when ...",https://www.reddit.com/r/pottytraining/comments/1h8ehc6/affordable_leakfree_training_underwear_thats_not/,Reddit r/pottytraining,,,Reddit,SNIPPET,sensory discomfort,,breathable,,,,,,Neutrality,product,,,general toddler parent,
N145,We have a 5 year old who wears a size large in target brand overnight underwear and it's about $19.99 a box.,https://www.reddit.com/r/Autism_Parenting/comments/12l7suj/options_for_diapers_beyond_size_7/,Reddit r/Autism_Parenting,,,Reddit,SNIPPET,cost / money drain; size / big-kid products,,bigger sizes; affordable,price,Pull-Ups / disposables,,,,Neutrality,solution,,,ND / sensory parent,
N146,I know some said it worked within a couple weeks and others say their kid didn't care about feeling wet.,https://www.reddit.com/r/Autism_Parenting/comments/1pzq5d3/has_training_pants_worked_for_potty_training_with/,Reddit r/Autism_Parenting,,,Reddit,SNIPPET,child doesn't notice wet / body signals,,feel-wet signal,may not work for my kid,training underwear (generic),,,,Neutrality,solution,,other parents,ND / sensory parent,didn't care about feeling wet
N147,"I like it because it's easier to clean than cotton underwear (for poop accidents), however at the same time I think it actually inhibited potty ...",https://www.reddit.com/r/Autism_Parenting/comments/1vd2to8/potty_training_underwear/,Reddit r/Autism_Parenting,,,Reddit,SNIPPET,poop accidents messy,,easy poop cleanup,may slow training,training underwear (generic),,,,Neutrality,product,,,ND / sensory parent,easier to clean
N148,"Update: We ended up getting Lucky & Me brand underwear and we haven't had any problems since! They are super soft, 100% cotton, ...",https://www.reddit.com/r/Autism_Parenting/comments/1fkc8qk/sensoryfriendly_underwear/,Reddit r/Autism_Parenting,,,Reddit,SNIPPET,sensory discomfort,,sensory-friendly fit,,,,,,Pride,product,,,ND / sensory parent,"super soft, 100% cotton"
N149,I am currently potty training my 5-year-old. She was diagnosed at 2 years level 3 nonverbal as well. She is now talking and mimicking ...,https://www.reddit.com/r/Autism_Parenting/comments/1n931p9/anyone_elses_3_year_old_still_in_diapers/,Reddit r/Autism_Parenting,,,Reddit,SNIPPET,late training (3.5y+ still not trained),,,,,,,every kid own timeline,Willingness,problem,,,ND / sensory parent,
N150,I have a non-verbal 5 year old still working on potty training and he wears Goodnights pull-ups. He goes to an ABA school and they did most of ...,https://www.reddit.com/r/Autism_Parenting/comments/1u0q3tm/how_the_heck_do_you_pottytrain_a_nonverbal_child/,Reddit r/Autism_Parenting,,,Reddit,SNIPPET,late training (3.5y+ still not trained),,bigger sizes,,Goodnites,,,,Neutrality,solution,,ABA therapist,ND / sensory parent,
N151,"She wore them when we first started potty training, but she would still have accidents in them (they are thicker but aren't made to hold urine ...",https://www.reddit.com/r/Autism_Parenting/comments/1lfgn15/5_year_old_wont_wear_training_underwear/,Reddit r/Autism_Parenting,,,Reddit,SNIPPET,child refuses product; leaks / soaked after one pee,,absorbency that holds a pee; sensory-friendly fit,won't hold pee / leaks,training underwear (generic),,,,Neutrality,solution,,,ND / sensory parent,
N152,Do not go back to pull ups. It will make the regression worse. Get training underwear. A kinda that she still feels wet in.,https://www.reddit.com/r/toddlers/comments/1mjj5lk/is_it_time_to_go_back_to_pull_ups/,Reddit r/toddlers,,,Reddit,SNIPPET,regression,,feel-wet signal,,Pull-Ups / disposables,,,pull-ups cause regression; feeling wet teaches the child,Neutrality,solution,,other parents,regression parent,It will make the regression worse
N153,Switching back to pull ups is not a good idea. Is it his teachers or the director/owner that's asking you to bring the pull ups?,https://www.reddit.com/r/pottytraining/comments/d1w9w9/daycare_wants_pull_ups_alternatives/,Reddit r/pottytraining,,,Reddit,SNIPPET,daycare pull-up/underwear rules,,daycare-friendly,,Pull-Ups / disposables,daycare pull-up/underwear rules,,pull-ups cause regression,Neutrality,solution,,daycare staff,working parent / daycare,
N154,Pull ups will only cause potty training to take four times as long and be four times as frustrating.,https://www.reddit.com/r/Parenting/comments/1uqucrb/what_age_did_you_switch_to_pull_up_style_diapers/,Reddit r/Parenting,,,Reddit,SNIPPET,,,,,Pull-Ups / disposables,,,pull-ups are just diapers,Anger,solution,,,general toddler parent,four times as frustrating
N155,If it helps on top of being a toddler mom I'm a toddler teacher with potty trainers I always engorge going back to pull ups for a bit!,https://www.reddit.com/r/toddlers/comments/1hzsssn/at_wits_end_with_this_f_potty_i_cant_take_it/,Reddit r/toddlers,,,Reddit,SNIPPET,parent burnout,,,,Pull-Ups / disposables,,,readiness matters,Acceptance,problem,,daycare staff,childcare worker,
N156,"We just switched back to pull-ups (ours is 2+8 months now) because he also just doesn't seem to care at all that he's wet, and I'm just done",https://www.reddit.com/r/toddlers/comments/1ny8vek/potty_training_is_killing_me_and_ruining_my/,Reddit r/toddlers,,,Reddit,SNIPPET,parent burnout; child doesn't notice wet / body signals; marriage strain,,feel-wet signal,,Pull-Ups / disposables,,,,Apathy,problem,,,general toddler parent,
N157,"It's ok to go back to pull ups or diapers for now. Keep the potty stuff out, and she may voluntarily use it even while you're taking a break.",https://www.reddit.com/r/toddlers/comments/1q4gpyj/persevere_or_try_again_later_help/,Reddit r/toddlers,,,Reddit,SNIPPET,,no-pressure process,,,,,,readiness matters,Acceptance,problem,,other parents,general toddler parent,taking a break
N158,"I didn't want to go back to pull ups either, and I felt my husband was being lazy for not wanting to clean the underwear.",https://www.reddit.com/r/Parenting/comments/de7r4j/potty_training_not_going_well/,Reddit r/Parenting,,,Reddit,SNIPPET,laundry / mess; marriage strain,,,,Pull-Ups / disposables,,,,Anger,problem,,,general toddler parent,not wanting to clean the underwear
N159,"Upairy pants are expensive TEMU training underwear. I think all ""training pants"" are kind of a scam.",https://www.reddit.com/r/pottytraining/comments/1jre9lv/upairy_training_pants/,Reddit r/pottytraining,,,Reddit,SNIPPET,,,,price; shipped from China; category is a scam,training underwear (UpAiry),,,all training pants are kind of a scam,Anger,product,scam,,general toddler parent,expensive TEMU training underwear
N160,"So I've seen a lot of ads for UpAiry. I've heard they make it easier and quicker to potty train because of the ""wet"" feeling.",https://www.reddit.com/r/Mommit/comments/1m99fjw/potty_training_underwear/,Reddit r/Mommit,,,Reddit,SNIPPET,,faster training,feel-wet signal,,,seeing ads,special underwear speeds training,feeling wet teaches the child,Desire,product,,,general toddler parent,I've seen a lot of ads for UpAiry
N161,I keep seeing ads and raving reviews for UpAiry training underwear. Has anyone had any success with them? I have a 2.5 and 1.5 year old.,https://www.reddit.com/r/pottytraining/comments/1qe1pdc/upairy/,Reddit r/pottytraining,,,Reddit,SNIPPET,,,,skeptical of brand / reviews,,seeing ads,,,Desire,product,skeptical,other parents,general toddler parent,raving reviews
N162,The only method we haven't tried is training pants where they can feel wet. Anyone had success with this? Upairy ...,https://www.reddit.com/r/pottytraining/comments/1uh7439/upairy_training_pants/,Reddit r/pottytraining,,,Reddit,SNIPPET,,,feel-wet signal,,tried everything,,,feeling wet teaches the child,Desire,product,tried everything,other parents,general toddler parent,The only method we haven't tried
N163,"For starting training, look at layers of absorbency. The best ones (for us!) were big elephant and moo moo baby on amazon.",https://www.facebook.com/groups/pottytrainingtoddlers/posts/803778175911858/,Facebook group (Potty Training Toddlers),,,Forum,SNIPPET,,,absorbency that holds a pee,,,,,,Pride,product,,other parents,general toddler parent,look at layers of absorbency
N164,Upairy scam alert! I bought the Upairy training pants from a social media ...,https://www.facebook.com/groups/pottytrainingtoddlers/posts/803778175911858/,Facebook group (Potty Training Toddlers),,,Forum,SNIPPET,,,,scam / hidden subscription,training underwear (UpAiry),bought from social media ad,,,Anger,product,scam,,general toddler parent,Upairy scam alert!
N165,Amazing customer service! I wasn't sure the size of training pants and so I ordered mediums and a few large but these work very well and she's just about finished potty training so I don't think we will have to move her up a size.,https://www.trustpilot.com/reviews/6ac436d1b4fa8f301a2380f5,Trustpilot (UpAiry),2026-10-04,5,Trustpilot,VERBATIM,sizing / fit problems,out of diapers / independence,reliable sizing / fit,sizing / fit uncertain,,,,,Pride,product,,,general toddler parent,
N166,"Subscription scam, do not use this company, wish I had read more of these reviews before purchasing. I think most of the positive reviews are also fake and by bots. ... I think this is a scam company targeting tired and busy parents through social media. Truly awful.",https://www.trustpilot.com/reviews/6ac3e951868b837e4b76371f,Trustpilot (UpAiry),2026-10-05,1,Trustpilot,VERBATIM,hidden subscription / billing,,honest checkout,scam / hidden subscription,training underwear (UpAiry),,,fake reviews everywhere,Anger,product,scam,,general toddler parent,targeting tired and busy parents
N167,excited for my order and getting a better experience at potty training my 1 1/2 year old!,https://www.trustpilot.com/reviews/6ac3beeb2e97cbdd28b5b256,Trustpilot (UpAiry),2026-10-05,5,Trustpilot,VERBATIM,,fun designs kid wants to wear,fun designs,,,,,,Desire,product,,,general toddler parent,
N168,When I ordered the pants I tried getting rid of the 'Free' gummies as I had no interest in them but was unable to order anything without these included. The pants turn out to be useless so a total waste of money and a month in I was charged for more of these gummies I never wanted in the first place.,https://www.trustpilot.com/reviews/6ac34d24bff63382399694d8,Trustpilot (UpAiry),2026-10-05,1,Trustpilot,VERBATIM,hidden subscription / billing; doesn't hold pee,,honest checkout,scam / hidden subscription; waste of money,training underwear (UpAiry),,,,Anger,product,scam; waste of money,,general toddler parent,total waste of money
N169,"I can say that its very close to an underwear so its very helpful in teaching my child to remove it and put it back on her own. It can hold one tiny accident. ... currently my child doesnt seem to mind the wetness. So if I dont keep checking, I'm worried my child will develop a rash or something.",https://www.trustpilot.com/reviews/6ac3265baf4905c878a2f040,Trustpilot (UpAiry),2026-10-04,5,Trustpilot,VERBATIM,child doesn't notice wet / body signals,independence (pull on/off herself),easy pull up/down; feel-wet signal,holds only one small accident,,,,,Fear,product,,,general toddler parent,very close to an underwear
N170,I was a little skeptical to order at first but I want to start potty training soon and I wanted to try these after so many positive reviews. My 3yr old is a small baby compared to most and I thought the medium would be perfect but turned out to be big.,https://www.trustpilot.com/reviews/6ac2dce59c65257897f2c6bf,Trustpilot (UpAiry),2026-10-04,5,Trustpilot,VERBATIM,sizing / fit problems,,reliable sizing / fit,sizing / fit uncertain; skeptical of brand / reviews,,about to start training,,reviews from other parents,Desire,product,skeptical,other parents,general toddler parent,a little skeptical to order
N171,They are made very poorly and sizing is so inconsistent some pairs of the bundle I bought wouldn't even fit my daughter's legs without cutting off circulation. ... the product is not worth the price and cheaper alternatives are the same quality,https://www.trustpilot.com/reviews/6ac0c9c433a9a185e4fe3899,Trustpilot (UpAiry),2026-10-03,1,Trustpilot,VERBATIM,poor quality,,reliable sizing / fit,not worth the price; quality,training underwear (UpAiry),,,cheaper alternatives are the same,Anger,product,waste of money,,general toddler parent,cutting off circulation
N172,"Unfortunately they were too big ... they still held the ""accident"" well! Had tried cheaper brands for my son and they never worked so thought I'd pay that little bit extra this time for my twins",https://www.trustpilot.com/reviews/6ac0a9a1afb0b38c3fba4d09,Trustpilot (UpAiry),2026-10-03,5,Trustpilot,VERBATIM,cheap brands don't hold,less mess / cleanup,absorbency that holds a pee,,cheap training underwear,,,you get what you pay for,Pride,product,,,twins parent,
N173,I purchased the product and the product did not hold the urine. Both the toddler and I got soaked with urine. ... they appeared to fit but were not at all absorbent.,https://www.trustpilot.com/reviews/6abeac4586da8cbb7afbfb4c,Trustpilot (UpAiry),2026-09-06,1,Trustpilot,VERBATIM,leaks / soaked after one pee,,absorbency that holds a pee,won't hold pee / leaks,training underwear (UpAiry),,,,Anger,product,waste of money,,general toddler parent,Both the toddler and I got soaked
N174,"Do not use this company! Albeit the pants were average (not great for cost and shipped from China). They scam you through hidden subscriptions! £31 they took unannounced for 1 pack of gummies, madness.",https://www.trustpilot.com/reviews/6abe3e09e8a5b3cba0cdf620,Trustpilot (UpAiry),2026-10-01,1,Trustpilot,VERBATIM,hidden subscription / billing,,honest checkout,scam / hidden subscription; shipped from China; price,training underwear (UpAiry),,,,Anger,product,scam,,general toddler parent,
N175,"they appeared to be an Australian company, but the pants are coming from China and take way longer to arrive than expected, secondly, I ordered the largest size but they were still too tight. I'm having to remove all the elastic just so my child can wear them. ... I had been signed up for a monthly subscription without my consent and didn't find out until they charged another $68 a month later!",https://www.trustpilot.com/reviews/6abce2aa16b56b25ad75a201,Trustpilot (UpAiry),2026-09-30,1,Trustpilot,VERBATIM,sizing / fit problems; slow shipping; hidden subscription,,bigger sizes; honest checkout,shipped from China; scam / hidden subscription; will leak out the front,training underwear (UpAiry),,,,Anger,product,scam,,late-trainer parent,remove all the elastic
N176,"They were not leak proof! After night one we have a soaked bed and I am out $100. Disappointed because I can buy potty training underwear anywhere, but I thought these would be leak proof.",https://www.trustpilot.com/reviews/6abbf1ed01f23fee56c08851,Trustpilot (UpAiry),2026-09-28,1,Trustpilot,VERBATIM,leaks / soaked bed at night,dry bed,leakproof at night,won't hold pee / leaks; price,training underwear (UpAiry),soaked bed,leak proof training underwear exists,,Anger,product,waste of money,,night / bedwetting parent,soaked bed and I am out $100
N177,Ordered and got free gummies. Thought it was ok but seems that when you order this you agree to a 40 euro subscription for this. ... Only small letters on the website. A very sneaky scam!,https://www.trustpilot.com/reviews/6aba3e394047218ada3bb005,Trustpilot (UpAiry),2026-09-28,1,Trustpilot,VERBATIM,hidden subscription / billing,,honest checkout,scam / hidden subscription,,,,,Anger,product,scam,,general toddler parent,A very sneaky scam
N178,Perfect for potty training. And hold wet in really well.,https://www.trustpilot.com/reviews/6ab958d295ba3650cc38cfe7,Trustpilot (UpAiry),2026-09-27,5,Trustpilot,VERBATIM,,less mess / cleanup,absorbency that holds a pee,,,,,,Pride,product,,,general toddler parent,
N179,I was told to wash them before use so I did that. They still leak. After one pee in them they're SOAKED! I don't recommend. That's probably why they sell pads for the bed too such a waste of money.,https://www.trustpilot.com/reviews/6ab92251c21ad5ffef486dcf,Trustpilot (UpAiry),2026-09-27,2,Trustpilot,VERBATIM,leaks / soaked after one pee,,absorbency that holds a pee,won't hold pee / leaks; waste of money,training underwear (UpAiry),,,,Anger,product,waste of money,,general toddler parent,After one pee in them they're SOAKED
N180,"I was, like many, very skeptical but other reviews encouraged me to give them a try and if I was dissastisfied to send them back. No returns for me!",https://www.trustpilot.com/reviews/6ab9204db6ac386706c11502,Trustpilot (UpAiry),2026-09-22,5,Trustpilot,VERBATIM,,,returns / guarantee,skeptical of brand / reviews,,,,reviews + easy returns lower risk,Willingness,product,skeptical,other parents,general toddler parent,"like many, very skeptical"
N181,"The size I ordered didn't work, and since a larger size wasn't listed online, I reached out ... They immediately offered to send me an XL at no cost ... my toddler absolutely loved the included stickers!",https://www.trustpilot.com/reviews/6ab8962d766f2c4749745620,Trustpilot (UpAiry),2026-09-13,5,Trustpilot,VERBATIM,sizing / fit problems,,bigger sizes; reliable sizing / fit,sizing / fit uncertain,,,,,Pride,product,,,general toddler parent,
N182,Got them in about one week. First pair used and leaked right through on the floor. Dissatisfied.,https://www.trustpilot.com/reviews/6ab852a94b5cea6d71996bba,Trustpilot (UpAiry),2026-09-26,1,Trustpilot,VERBATIM,leaks / soaked after one pee,,absorbency that holds a pee,won't hold pee / leaks,training underwear (UpAiry),,,,Anger,product,waste of money,,general toddler parent,leaked right through on the floor
N183,We will just be starting and I am sure these will quicken the process. The different designs are very nice.,https://www.trustpilot.com/reviews/6ab83789b441afc2b59aa0fd,Trustpilot (UpAiry),2026-09-26,5,Trustpilot,VERBATIM,,faster training,fun designs,,,about to start training,special underwear speeds training,,Desire,product,,,general toddler parent,quicken the process
N184,I ordered size large both my kids 8 & 5 weigh the same. ... Measuring the leg hole IS SUPER IMPORTANT. They fit my tall and skinny but she still complained the leg holes were too tight,https://www.trustpilot.com/reviews/6ab021669d8ce11c228d5efe,Trustpilot (UpAiry),2026-09-20,5,Trustpilot,VERBATIM,sizing / fit problems,,bigger sizes; reliable sizing / fit,sizing / fit uncertain,,,,,Willingness,product,,,late-trainer parent,Measuring the leg hole IS SUPER IMPORTANT
N185,"Although I do feel these have helped my daughter to register when she needs the toilet more, everytime she didnt make it and has done a wee in these they leaked. ... I went with Upairy regardless of being more expensive as I believed they didnt leak so I am actually quite dissappointed. Cheaper options will work just as well.",https://www.trustpilot.com/reviews/6aaf8be9d753d421fafb247b,Trustpilot (UpAiry),2026-09-17,2,Trustpilot,VERBATIM,leaks / soaked after one pee,body awareness (register need to go),absorbency that holds a pee; feel-wet signal,won't hold pee / leaks; price,training underwear (UpAiry),,pricier = leakproof,cheaper options work just as well,Anger,product,waste of money,,general toddler parent,I believed they didnt leak
N186,Ordered these for my granddaughter for her second birthday. ... The quality of these are very very good. And they're really cute.,https://www.trustpilot.com/reviews/6aaeb01ec3e683acb269142b,Trustpilot (UpAiry),2026-09-19,5,Trustpilot,VERBATIM,,fun designs kid wants to wear,fun designs,,,,,,Desire,product,,,grandparent / gift buyer,
N187,"They are definitely not leakproof, even after washing them 2-3 times per recommendation. I have seen an improvement in letting me know when he has an accident and going to the potty.",https://www.trustpilot.com/reviews/6aaeab73958133c25d58ca01,Trustpilot (UpAiry),2026-09-19,3,Trustpilot,VERBATIM,leaks / soaked after one pee,body awareness (register need to go),feel-wet signal; absorbency that holds a pee,won't hold pee / leaks,training underwear (UpAiry),,,feeling wet teaches the child,Neutrality,product,,,general toddler parent,definitely not leakproof
N188,"Not worth the money, the undies don't hold anything as advertised. Also be careful! they signed me up for a subscription I've never asked for!",https://www.trustpilot.com/reviews/6aae108359de3c8d20666199,Trustpilot (UpAiry),2026-09-19,1,Trustpilot,VERBATIM,leaks / soaked after one pee; hidden subscription / billing,,absorbency that holds a pee; honest checkout,won't hold pee / leaks; scam / hidden subscription,training underwear (UpAiry),,,,Anger,product,scam; waste of money,,general toddler parent,don't hold anything as advertised
N189,"The underwear worked very well and my granddaughter was going on her own in less than 2 weeks. ... They sign you up for a subscription for their probiotic gummies at $39.99 a bottle. ... So, thanks upairy for the overdraft fee from my bank.",https://www.trustpilot.com/reviews/6aad47748b007621ed5036be,Trustpilot (UpAiry),2026-09-18,1,Trustpilot,VERBATIM,hidden subscription / billing,out of diapers / independence,honest checkout,scam / hidden subscription,,,,,Anger,product,scam,,grandparent / gift buyer,going on her own in less than 2 weeks
N190,"I honestly don't know what kind of sorcery Upairy put into these training underwear, but they WORK! ... They gave her that ""I'm wearing big girl underwear"" feeling while still providing some protection during the learning process. They made potty training so much less stressful for both of us.",https://www.trustpilot.com/reviews/6aad2568c5ed4c0df20c137a,Trustpilot (UpAiry),2026-09-12,5,Trustpilot,VERBATIM,,big-kid underwear feeling; less stress,real-underwear look with protection,,,,,,Pride,product,,,general toddler parent,
N191,"As my 2 yr old grandson was getting potty trained I wanted to help. ... He had an accident, no leakage! I love a product that does what it claims to do",https://www.trustpilot.com/reviews/6aad12e0d58d67f7b66599f6,Trustpilot (UpAiry),2026-09-17,5,Trustpilot,VERBATIM,,less mess / cleanup,absorbency that holds a pee,,,,,,Pride,product,,,grandparent / gift buyer,"He had an accident, no leakage"
N192,Great quality and my little one wanted to wear the watermelon pants straight away!,https://www.trustpilot.com/reviews/6aac46e4851393d67e991a17,Trustpilot (UpAiry),2026-09-17,5,Trustpilot,VERBATIM,,fun designs kid wants to wear,fun designs,,,,,,Pride,product,,,general toddler parent,
N193,"The reason I purchased this item was it advertised leak proof coverage but that the child would still feel wet ... Hoping this would allow for protection while out in public. ... Shortly after putting these on, my toddler peed and it leaked through. ... Regular underwear will do the same thing at a lower cost.",https://www.trustpilot.com/reviews/6aab18d031f400459265b1c8,Trustpilot (UpAiry),2026-09-12,3,Trustpilot,VERBATIM,leaks / soaked after one pee; outings / public accidents,protection out in public,absorbency that holds a pee; feel-wet signal,won't hold pee / leaks; no better than regular underwear,training underwear (UpAiry),,,,Anger,product,waste of money,,general toddler parent,
N194,It is nice to work with a company that takes good care of us parents during this difficult time of potty training.,https://www.trustpilot.com/reviews/6aaaa2bedab3c875d7bee179,Trustpilot (UpAiry),2026-09-15,5,Trustpilot,VERBATIM,stress of training,support during training,,,,,,,Acceptance,product,,,general toddler parent,this difficult time of potty training
N195,"My daughter refused to wear the training pants, they feel very similar to diapers and are not like underwear at all. They state that they have a 75 day money back guarantee but ... I never received my refund",https://www.trustpilot.com/reviews/6aaa8a10f09a7e7e808c3a8f,Trustpilot (UpAiry),2026-08-10,1,Trustpilot,VERBATIM,child refuses product; refund not honoured,real underwear look,real-underwear feel,feels like a diaper; guarantee not honoured,training underwear (UpAiry),,,,Anger,product,scam,,general toddler parent,feel very similar to diapers
N196,Shipping was long but other than that I love the training pants the quality of them and the fun designs on them. I will be ordering more so we can this potty training on the go.,https://www.trustpilot.com/reviews/6aa9e2dc750701290d3f7041,Trustpilot (UpAiry),2026-09-06,4,Trustpilot,VERBATIM,slow shipping,training on the go,fun designs,shipping time,,,,,Pride,product,,,general toddler parent,potty training on the go
N197,"Tried the underwear. My daughter barely peed. Didn't absorb anything. Still went thru her pants, and all over the couch. Also got charged FOURTY DOLLARS for a TINY jar of garbage gummies that I DID NOT want.",https://www.trustpilot.com/reviews/6aa7f43590d111059cd1b877,Trustpilot (UpAiry),2026-09-13,1,Trustpilot,VERBATIM,leaks / soaked after one pee; hidden subscription / billing,,absorbency that holds a pee; honest checkout,won't hold pee / leaks; scam / hidden subscription,training underwear (UpAiry),,,,Anger,product,scam; waste of money,,general toddler parent,all over the couch
N198,Using these is about as effective as just putting regular underwear on a toddler. They do not stop anything from soaking completely through. Within 10 minutes of my child wearing these I was cleaning puddles up off the floor.,https://www.trustpilot.com/reviews/6aa7684651d3b10325862189,Trustpilot (UpAiry),2026-09-13,1,Trustpilot,VERBATIM,leaks / soaked after one pee; laundry / mess,,absorbency that holds a pee,no better than regular underwear,training underwear (UpAiry),,,,Anger,product,waste of money,,general toddler parent,cleaning puddles up off the floor
N199,Pants are useless they don't absorb anything total waste of money and they sign you up to a subscription for the tummy gummies after stating they are a free gift.,https://www.trustpilot.com/reviews/6aa7222252533620f6a7312c,Trustpilot (UpAiry),2026-09-13,1,Trustpilot,VERBATIM,leaks / soaked after one pee; hidden subscription / billing,,absorbency that holds a pee; honest checkout,won't hold pee / leaks; scam / hidden subscription,training underwear (UpAiry),,,,Anger,product,scam; waste of money,,general toddler parent,
N200,The item does NOT fit my child - and I am out $80 with NO RESPONSES from the company!!!,https://www.trustpilot.com/reviews/6aa60fe20d300da93a479fd0,Trustpilot (UpAiry),2026-09-12,1,Trustpilot,VERBATIM,sizing / fit problems; refund not honoured,,reliable sizing / fit,guarantee not honoured,training underwear (UpAiry),,,,Anger,product,scam,,general toddler parent,
N201,the pants them self are basically a padded pair of underwear and only would absorb a dribble not an accident if your child has an accident they are still wet right through clothes,https://www.trustpilot.com/reviews/6aa409e1240a1e10f64e08d3,Trustpilot (UpAiry),2026-07-29,1,Trustpilot,VERBATIM,leaks / soaked after one pee; hidden subscription / billing,,absorbency that holds a pee,won't hold pee / leaks; scam / hidden subscription,training underwear (UpAiry),,,,Anger,product,scam; waste of money,,general toddler parent,only would absorb a dribble not an accident
N202,"these are advertised to hold to wee and let them feel wet without the mess. They're absolutely sodden once they've had a wee. Wish I'd checked on here first, the fact the trustpilot itself says they've had to delete FAKE reviews! Big fat scam!",https://www.trustpilot.com/reviews/6aa14236d7468c556926167e,Trustpilot (UpAiry),2026-07-26,1,Trustpilot,VERBATIM,leaks / soaked after one pee; hidden subscription / billing,feel wet without the mess,absorbency that holds a pee; feel-wet signal,won't hold pee / leaks; scam / hidden subscription; skeptical of brand / reviews,training underwear (UpAiry),,,fake reviews everywhere,Anger,product,scam,,general toddler parent,feel wet without the mess
N203,I cannot comment on the quality of the pants ... I strongly advise other parents to stay away. Parents have enough stress during potty training without dealing with unexpected charges and unwanted products.,https://www.trustpilot.com/reviews/6aa0fa3863e6c7ccfb1c299a,Trustpilot (UpAiry),2026-08-15,1,Trustpilot,VERBATIM,hidden subscription / billing; stress of training,,honest checkout,scam / hidden subscription,,,,,Anger,product,scam,,general toddler parent,Parents have enough stress during potty training
N204,After my grandson wearing his first pair for less than 20 minutes his trousers were wet through... so they certainly don't do as the advertising states.. total waste of money,https://www.trustpilot.com/reviews/6aa0a677f643cc31de23acd2,Trustpilot (UpAiry),2026-09-08,1,Trustpilot,VERBATIM,leaks / soaked after one pee,,absorbency that holds a pee,won't hold pee / leaks; waste of money,training underwear (UpAiry),,,ads overpromise,Anger,product,waste of money,,grandparent / gift buyer,wet through
N205,Every time my daughter pee her trousers are soaking wet. It doesn't hold more that 10-20ml... WASTE OF MONEY. Quality same as everything else from China.,https://www.trustpilot.com/reviews/6a9ec853b2ed2b1904effe3c,Trustpilot (UpAiry),2026-09-07,1,Trustpilot,VERBATIM,leaks / soaked after one pee,,absorbency that holds a pee,won't hold pee / leaks; shipped from China,training underwear (UpAiry),,,,Anger,product,waste of money,,general toddler parent,doesn't hold more that 10-20ml
N206,"The pull ups are nice but they send you ""free"" gummies and then auto enroll you at 40 bucks a month in small fine print and it's almost impossible to cancel.",https://www.trustpilot.com/reviews/6a9e0c951afec67e130c60bd,Trustpilot (UpAiry),2026-09-06,1,Trustpilot,VERBATIM,hidden subscription / billing,,honest checkout,scam / hidden subscription,,,,,Anger,product,scam,,general toddler parent,
N207,Shipping takes forever (probably from China) + they secretly sign you up for a subscription for $35 gummies. ... They should invest more in fulfillment than nonstop ads and scam subscription tactics.,https://www.trustpilot.com/reviews/6a9b28aa8faf8dd4b7f062ca,Trustpilot (UpAiry),2026-09-04,1,Trustpilot,VERBATIM,slow shipping; hidden subscription / billing,,honest checkout,scam / hidden subscription; shipped from China,,,,ads overpromise,Anger,product,scam,,general toddler parent,nonstop ads and scam subscription tactics
N208,Would not recommend. The pants themselves are ok quality. But shipping takes 3 weeks to arrive. And they signed me up to a gummies subscription where it wasn't obvious,https://www.trustpilot.com/reviews/6a9cb1aa9061ed2e307b0d01,Trustpilot (UpAiry),2026-09-06,1,Trustpilot,VERBATIM,slow shipping; hidden subscription / billing,,honest checkout,scam / hidden subscription; shipping time,,,,,Anger,product,scam,,general toddler parent,
N209,I find it daunting when I work a full time job on how I'm going to properly potty train my son.,https://www.tiktok.com/@applesauceandadhd/video/7271368492396449066,TikTok,,,TikTok comments,SNIPPET,limited time (working parent),,,,,,,,Fear,problem,,,working parent / daycare,I find it daunting when I work a full time job
N210,my son was almost 5 when he finally was fully potty trained and he'll be 9 in December and still pees the ...,https://www.tiktok.com/@jess.spaulding/video/7669937477909630239,TikTok,,,TikTok comments,SNIPPET,late training (3.5y+ still not trained); daily accidents at school age,,,,,,,,Apathy,problem,,,late-trainer parent; school-age accidents parent,
N211,My son has been potty trained for about 6 weeks. He recently started pooping in his ...,https://www.tiktok.com/@itspottytime_/video/7142911192296656171,TikTok,,,TikTok comments,SNIPPET,regression; poop accidents messy,,,,,,,,Fear,problem,,potty-training creator,regression parent,
N212,My son will be 3 in April and is around 33lbs and dont have his chuncky legs anymore. Should I go for a large do you think?,https://www.tiktok.com/@gracevcolson/video/7512519194936642847,TikTok,2026-01-28,,TikTok comments,SNIPPET,sizing / fit problems,,reliable sizing / fit,sizing / fit uncertain,,,,,Desire,product,,influencer review,general toddler parent,Should I go for a large
N213,what are strategies to use instead? we are trying to start this process with our 4 year old with ASD.,https://www.tiktok.com/@theautismconsultant/video/7660925980894039327,TikTok,2026-08-03,,TikTok comments,SNIPPET,no resources for older / ND kids,method that fits my child,resources for older / ND kids,,,,,methods don't work for ND kids,Desire,solution,,autism consultant,ND / sensory parent; late-trainer parent,
N214,My daughter is still wetting pull ups at 6.5.,https://www.tiktok.com/@mamaot_shannon/video/7614904405795654925,TikTok,2026-09-16,,TikTok comments,SNIPPET,night wetting,dry nights,,,Pull-Ups / disposables,,,,Neutrality,problem,,OT creator,night / bedwetting parent,
N215,This have me crying like a baby I have a 3 year old ...,https://www.tiktok.com/@ohlanaa/video/7186123953562340650,TikTok,,,TikTok comments,SNIPPET,,,,,,,,,Grief,problem,,creator with lived experience,ND / sensory parent,crying like a baby
N216,I have ND kiddos and two of them toilet trained laaaaate. I'm not lazy but I'm also not going to traumatise my kid just for society.,https://www.tiktok.com/@turtlecoop/video/7691866893644303647,TikTok,~2026-10-03,,TikTok comments,SNIPPET,judgment / shame from others,no-pressure process,,,,,late training = lazy parenting,every kid own timeline; no shame approach,Pride,problem,,,ND / sensory parent,I'm not lazy
N217,im using pull ups because no diaper was fitting correctly anymore. he doesn't care about being wet... i need help.,https://www.tiktok.com/@itspottytime_/video/7239808096078712110,TikTok,2023,,TikTok comments,SNIPPET,size / big-kid products; child doesn't notice wet / body signals,,feel-wet signal; bigger sizes,,Pull-Ups / disposables,diaper size outgrown,,pull-ups hide the wet,Fear,solution,,potty-training creator,late-trainer parent,he doesn't care about being wet
N218,"""JuSt PoTtY tRaIn HiM."" ... Disposable training pants or pull ups just work like bigger diapers ...",https://www.tiktok.com/@soapboxshae/video/7135209486519749934,TikTok,,,TikTok comments,SNIPPET,judgment / shame from others,,,,Pull-Ups / disposables,,just potty train him,pull-ups are just diapers,Anger,solution,,,late-trainer parent,JuSt PoTtY tRaIn HiM
N219,Underwear is the best way in my opinion. Pull ups are too much like a diaper.,https://www.tiktok.com/@dzaslavsky/video/7541114497142918430,TikTok,2025-08-21,,TikTok comments,SNIPPET,,,,,Pull-Ups / disposables,,,pull-ups are just diapers,Pride,solution,,,general toddler parent,Pull ups are too much like a diaper
N220,Ok but how are we cleaning 💩 with training pants cuz that's a disaster.,https://www.tiktok.com/@tiktokkiddoc/video/7283992787312282926,TikTok,2023-10-11,,TikTok comments,SNIPPET,poop accidents messy,,easy poop cleanup,poop cleanup,,,,,Fear,solution,,pediatrician (TikTok),general toddler parent,that's a disaster
N221,"Even if it takes some time for him to ""potty train"", it's so worth it to me!!",https://www.tiktok.com/@thebriellabelle/video/7506700736328240415,TikTok,2025-05-22,,TikTok comments,SNIPPET,,,,,,,,every kid own timeline,Acceptance,product,,influencer review,general toddler parent,
N222,My son was potty trained in 3 days when he was 19 months old and pooping was the easy ...,https://www.tiktok.com/@caitlynjones/video/7475810043074563374,TikTok,,,TikTok comments,SNIPPET,,,,,,,3 days is enough,,Pride,solution,,,general toddler parent,
N223,These are really durable and have reinforcement in the crotch area to stop leaks. They are really absorbent and a great next steps from training pants.,https://www.walmart.com/reviews/product/18462802726?page=2,Walmart (Hanes),,,Walmart,SNIPPET,,next step after pull-ups,absorbency that holds a pee; durable / washable,,Pull-Ups / disposables,,,,Pride,product,,,general toddler parent,great next steps from training pants
N224,"Cute designs and they do fit as they should. However they are definitely not ""leak-proof"" as it states in the description.",https://www.walmart.com/reviews/product/19593557548,Walmart (generic 4-pack),,,Walmart,SNIPPET,leaks / soaked after one pee,,absorbency that holds a pee,won't hold pee / leaks; ads overpromise,training underwear (generic),,,ads overpromise,Anger,product,,,general toddler parent,"definitely not ""leak-proof"""
N225,"leak threw as bad into clothes, fit is perfect size, beautiful material, and works like you would expect, easy to change, easy to pull down and pull up",https://www.walmart.com/reviews/product/15016901089,Walmart (Celivon),,,Walmart,SNIPPET,,independence (pull on/off herself),easy pull up/down,,,,,,Pride,product,,,general toddler parent,
N226,"Unfortunately, because of his size and the amount of liquid output, these leaked very easily onto his clothes. Though they offer these in larger sizes, i would ...",https://www.walmart.com/reviews/product/209907642,Walmart (BIG ELEPHANT),,,Walmart,SNIPPET,leaks / soaked after one pee; size / big kid output,,absorbency that holds a pee; bigger sizes,won't hold pee / leaks,training underwear (BIG ELEPHANT),,,,Grief,product,,,late-trainer parent,the amount of liquid output
N227,"potty training pants so cute and they are leak proof but they can tell when their wet,well made with good materials",https://www.walmart.com/reviews/product/20214873024,Walmart (BIG ELEPHANT),,,Walmart,SNIPPET,,child learns from feeling wet,feel-wet signal; absorbency that holds a pee,,,,,feeling wet teaches the child,Pride,product,,,general toddler parent,they can tell when their wet
N228,Child can feel the wetness of an accident or a leak before getting to potty but the leak proof layer keeps outside of undies and clothes dry! super soft and ...,https://www.walmart.com/reviews/product/792455978,Walmart (Insular),,,Walmart,SNIPPET,,child learns from feeling wet; less mess / cleanup,feel-wet signal; waterproof cover layer,,,,,feeling wet teaches the child,Pride,product,,,general toddler parent,keeps outside of undies and clothes dry
N229,I was looking for the old fashion underwear thick ones . These are thick and I like it . Because if he does have an accident ? The thickness will capture the fluids .,https://www.walmart.com/reviews/product/209907642,Walmart (BIG ELEPHANT),2023-08-03,5,Walmart,VERBATIM,,less mess / cleanup,absorbency that holds a pee,,,,,,Pride,product,,,grandparent / gift buyer,the old fashion underwear thick ones
N230,"When he pees, it stays in the underwear and doesn't get all over the place. They are super soft!",https://www.walmart.com/reviews/product/209907642,Walmart (BIG ELEPHANT),2022-11-18,5,Walmart,VERBATIM,,less mess / cleanup,absorbency that holds a pee,,,,,,Pride,product,,,general toddler parent,
N231,"the 1st set is still going strong, and they have faded very little considering the massive amount of washes.",https://www.walmart.com/reviews/product/209907642,Walmart (BIG ELEPHANT),2025-06-05,5,Walmart,VERBATIM,,reusable / lasts,durable / washable,,,,,,Pride,product,,,general toddler parent,massive amount of washes
N232,did not hold pee at all,https://www.walmart.com/reviews/product/209907642,Walmart (BIG ELEPHANT),2025-07-07,1,Walmart,VERBATIM,leaks / soaked after one pee,,absorbency that holds a pee,won't hold pee / leaks,training underwear (BIG ELEPHANT),,,,Anger,product,,,general toddler parent,
N233,It is not as absorbent as advertised. It leaks through when the child pees.,https://www.walmart.com/reviews/product/209907642,Walmart (BIG ELEPHANT),2026-07-10,1,Walmart,VERBATIM,leaks / soaked after one pee,,absorbency that holds a pee,won't hold pee / leaks; ads overpromise,training underwear (BIG ELEPHANT),,,ads overpromise,Anger,product,,,general toddler parent,
N234,#randomdadthoughts Potty training has to be the first and worst way to perform under pressure growing up..,https://x.com/olivernmolina/status/1348648194369085447,X (Twitter),2021-01-11,,X,SNIPPET,pressure on child,,,,,,,,Neutrality,problem,,,dad,perform under pressure
N235,Because I think I just potty trained my second son simply by keeping him undressed whenever he's home and it gave him a million opportunities to ...,https://x.com/classicallyabby/status/2078075450773983342,X (Twitter),,,X,SNIPPET,,,,,3-day / Oh Crap method,,,,Pride,solution,,,general toddler parent,
N236,Most of the people I know who have done the 3 day method are stay-at-home moms who keep their kids. It's just a matter of wanting it done quick.,https://x.com/classicallyabby/status/2078075450773983342,X (Twitter),,,X,SNIPPET,limited time (working parent),,,,3-day / Oh Crap method,,3 days is enough,3-day method only fits stay-at-home parents,Neutrality,solution,,,working parent / daycare,stay-at-home moms who keep their kids
N237,"When you use a cloth diaper, it's not just that mom and dad have to deal with quite a mess, the child actually feels the mess themselves. They feel the wetness.",https://x.com/stevemagness/status/2042642832825913444,X (Twitter),2026,,X,SNIPPET,,child learns from feeling wet,feel-wet signal,,Pull-Ups / disposables,,,feeling wet teaches the child; pull-ups hide the wet,Neutrality,solution,,author / performance coach,commentator,
N238,my daughter has been potty trained since she could sit at 7 months through elimination communication. it's very easy and it should be normalized.,https://x.com/maggielove_/status/2091974906447581676,X (Twitter),,,X,SNIPPET,,,,,,,it's very easy,,Pride,solution,,,eco / cloth parent,
N239,"If you can potty train a child, you can do anything.",https://x.com/dTumza/status/2105681793751888120,X (Twitter),2026-10-01,,X,SNIPPET,stress of training,,,,,,,,Pride,problem,,,general toddler parent,"If you can potty train a child, you can do anything"
N240,"At daycare I had a kid who wasn't allowed to be in K bc his parents refused to let him use the toilet. He knew how, begged to, was embarrassed ...",https://x.com/heresahankie/status/2093449246423031989,X (Twitter),,,X,SNIPPET,child shame / embarrassment,,,,,,,,Grief,problem,,,childcare worker,
N241,"my son has been taking his diaper off like the past week and a half every time he goes. he just took his poopy diaper off and folded it up, lol",https://x.com/ilikearttype/status/2092991671709376594,X (Twitter),,,X,SNIPPET,,,,,,child takes diaper off,,readiness matters,Desire,unaware,,,general toddler parent,
N242,my son is 9 years old he is non verbal  and still not potty trained he still get alot of anxiety about it but i take him when see he needs to use it we just keep trying,https://www.youtube.com/watch?v=LrrpnP_9qAM&lc=UgzNMF5D38ie_UCAEFV4AaABAg,YouTube (How I Potty Trained My Son with Autism),~2022 (approx),,YouTube comments,VERBATIM,late training (3.5y+ still not trained),,,,,,,every kid own timeline,Acceptance,problem,,,ND / sensory parent,we just keep trying
N243,"My son is almost 8yrs old, Non-verbal level 3. And it has been up and down. And this has been legitimately the first, ""older boy neurodiverse/autistic potty training"" video that I've seen.",https://www.youtube.com/watch?v=LrrpnP_9qAM&lc=UgwsmGNvWbvdw2YOPVh4AaABAg,YouTube (How I Potty Trained My Son with Autism),~2023 (approx),,YouTube comments,VERBATIM,late training (3.5y+ still not trained); no resources for older kids,help for older kids,resources for older / ND kids,,,,,,Desire,problem,,creator with lived experience,ND / sensory parent,older boy neurodiverse/autistic potty training
N244,"Our son is non verbal and he is now 13, we've been trying since he was 4, it's only getting worse, he tears off his diapers and pees on everything, the floor, our furniture ... we're just at our very wits end. I've tried so so so many things, I just wish something would work.",https://www.youtube.com/watch?v=LrrpnP_9qAM&lc=Ugwz16PpdnyOief0nUx4AaABAg,YouTube (How I Potty Trained My Son with Autism),~2024 (approx),,YouTube comments,VERBATIM,late training (3.5y+ still not trained); parent burnout; laundry / mess,something that works,,,tried everything,,,nothing works,Apathy,problem,tried everything,,ND / sensory parent,at our very wits end
N245,I'm so glad I found your video because just 1-2 minutes in and I already feel like a better mom. We don't have a diagnosis yet but there are a lot of signs.,https://www.youtube.com/watch?v=LrrpnP_9qAM&lc=Ugzx3rQBd7wnoC-DK9d4AaABAg,YouTube (How I Potty Trained My Son with Autism),~2024 (approx),,YouTube comments,VERBATIM,parent guilt,feel like a good parent,,,,,,,Guilt,problem,,creator with lived experience,ND / sensory parent,I already feel like a better mom
N246,I'll take him to the bathroom before school he'll sit but wont use until the second I pull up his pull up then he will let lose. ... For me its very discouraging cause it makes me feel like I'm doing something wrong but I know he wont go until he's ready,https://www.youtube.com/watch?v=LrrpnP_9qAM&lc=UgzVEuTibjKJdj1QuQV4AaABAg,YouTube (How I Potty Trained My Son with Autism),~2023 (approx),,YouTube comments,VERBATIM,child holds until pull-up on; parent guilt,,,,Pull-Ups / disposables,,,readiness matters,Guilt,problem,,creator with lived experience,ND / sensory parent,makes me feel like I'm doing something wrong
N247,He is 5 years old and we have been on a potty trained drill for about a strong year now. ... This video gave me some relief ... as opposed to feeling defeated as a Parent,https://www.youtube.com/watch?v=LrrpnP_9qAM&lc=UgzJGeJcR-2yvsznVEJ4AaABAg,YouTube (How I Potty Trained My Son with Autism),~2025 (approx),,YouTube comments,VERBATIM,withholding / poop refusal; parent guilt,relief / patience,,,,started kindergarten,,readiness matters,Guilt,problem,,creator with lived experience,ND / sensory parent,feeling defeated as a Parent
N248,the state of Massachusetts does not provide us with the proper diapers if they do it is very cheap and falls apart so you are forced to buy quality diapers ... it does put a huge damp in my pockets. I am exhausted.,https://www.youtube.com/watch?v=LrrpnP_9qAM&lc=Ugx5-pfMc_WVVDbYfFB4AaABAg,YouTube (How I Potty Trained My Son with Autism),~2023 (approx),,YouTube comments,VERBATIM,cost / money drain; size / big-kid products,,bigger sizes; affordable,price,Pull-Ups / disposables,,,,Apathy,problem,,,ND / sensory parent,I am exhausted
N249,I have a level 2 verbal autistic son who is 10 years old and he will pee in the potty but won't poop in the potty. He screams and cries if we make him sit for 2 min. ... I think I need to take him to the toilet every hour but that is exhausting with no help.,https://www.youtube.com/watch?v=LrrpnP_9qAM&lc=UgxB9j3P_yQEv0KzgN54AaABAg,YouTube (How I Potty Trained My Son with Autism),~2023 (approx),,YouTube comments,VERBATIM,withholding / poop refusal; parent burnout,,,,Pull-Ups / disposables,,,,Apathy,problem,,,ND / sensory parent; withholding parent,exhausting with no help
N250,I have a 13 old non verbal son ... I try the bathroom and it wasn't working but now I kno its wen he ready so I do it more now cause I was bout to give up,https://www.youtube.com/watch?v=LrrpnP_9qAM&lc=UgwqA6eLVH25mx6nhe94AaABAg,YouTube (How I Potty Trained My Son with Autism),~2023 (approx),,YouTube comments,VERBATIM,late training (3.5y+ still not trained),,,,,,,readiness matters,Willingness,problem,,creator with lived experience,ND / sensory parent,I was bout to give up
N251,"attempts at potty training have been going on for like two or three years. ... His preschool and I jusr both try to sit him on the potty at least a couple of times a day...and just as we start getting it I'll get busy again with other kids, husband, whatever, and forget.",https://www.youtube.com/watch?v=LrrpnP_9qAM&lc=Ugy0zCYnSglaL8DzWPl4AaABAg,YouTube (How I Potty Trained My Son with Autism),~2024 (approx),,YouTube comments,VERBATIM,consistency hard for busy parent; long timeline,,routine / reminder system,,,,,,Apathy,problem,,,ND / sensory parent; working parent / daycare,
N252,I'm so relieved from the pressure of the immediate need to potty train her because we were told that some schools in our area will only accept kids that are potty trained.,https://www.youtube.com/watch?v=LrrpnP_9qAM&lc=UgwmOgMhbsPg8AsLZXR4AaABAg,YouTube (How I Potty Trained My Son with Autism),~2023 (approx),,YouTube comments,VERBATIM,deadline pressure (daycare/school rule),school-ready without pressure,,,,daycare/preschool deadline,,,Fear,problem,,creator with lived experience,grandparent / gift buyer; ND / sensory parent,only accept kids that are potty trained
N253,Still doesnt make a lot of sense to use pull ups. As a parent you gotta train your kid to use the toilet not 'when they show you they are ready'.,https://www.youtube.com/watch?v=8AncJYKFS-Y&lc=Ugxxqkr8BO2Yj96q1TR4AaABAg,YouTube (Truth About Diapers and Pull Ups),~2024 (approx),,YouTube comments,VERBATIM,,,,,Pull-Ups / disposables,,readiness is an excuse,pull-ups are just diapers,Pride,solution,,,general toddler parent,Still doesnt make a lot of sense to use pull ups
N254,Diapers are easier to change than pull-ups especially if they go potty #2.,https://www.youtube.com/watch?v=8AncJYKFS-Y&lc=UgyHhTXggKv-YTR64s94AaABAg,YouTube (Truth About Diapers and Pull Ups),~2024 (approx),,YouTube comments,VERBATIM,poop accidents messy,,,,Pull-Ups / disposables,,,,Neutrality,solution,,,general toddler parent,
N255,for a kid that is totally potty trained in the daytime and wears undies then-- are we screwing up by continuing to let him wear actual diapers at nighttime? ... I feel like we're kind of in a minority by having an almost 5 year old still wearing (size 7!) diapers overnight.,https://www.youtube.com/watch?v=8AncJYKFS-Y&lc=UgyKxUny9ltUgD4EFZl4AaABAg,YouTube (Truth About Diapers and Pull Ups),~2023 (approx),,YouTube comments,VERBATIM,night wetting; size / big-kid products,dry nights,bigger sizes,,diapers at night,,,,Guilt,solution,,,night / bedwetting parent; single parent,are we screwing up
N256,My 3 1/2 year old daughter has been potty trained for a long time now ... but suddenly having accident almost everyday at preschool. ... I have no idea how to deal with this.,https://www.youtube.com/watch?v=UWYN_MBf-t4&lc=UgwGRJKNlocxsRN4H594AaABAg,YouTube (Potty training issues with daycare and preschool),~2025 (approx),,YouTube comments,VERBATIM,daily accidents at school/daycare; regression,,,,,accidents at preschool,,,Fear,problem,,,working parent / daycare; regression parent,accident almost everyday at preschool
N257,"My 4 1/2 year old is not fully potty trained. She goes to daycare, she is the only one who still isn't trained. They put pull ups on her for nap time. ... She's been at the daycare for 1 year and still doesn't tell them when she needs to go.",https://www.youtube.com/watch?v=UWYN_MBf-t4&lc=UgyBIlODVAQfpzgyJ454AaABAg,YouTube (Potty training issues with daycare and preschool),~2023 (approx),,YouTube comments,VERBATIM,daycare vs home inconsistency; comparison to peers,consistent at daycare,daycare-friendly,,Pull-Ups / disposables,,,,Fear,problem,,daycare staff,working parent / daycare; late-trainer parent,she is the only one who still isn't trained
N258,I find it difficult to time her since I am looking after her infant brother. I am really worried because next year she will be going to the daycare. Any parent out there like me?,https://www.youtube.com/watch?v=a6Qm6mQgqZk&lc=UgyoaRRzkgKnYbaDHPF4AaABAg,YouTube (Mistake That Turns a Regression Into an Ongoing Problem),~2023 (approx),,YouTube comments,VERBATIM,deadline pressure (daycare/school rule); new sibling,daycare-ready,,,,daycare/preschool deadline; new sibling,,,Fear,problem,,,working parent / daycare; regression parent,Any parent out there like me?
N259,since his turned 3 he just leaves it too late to go to the potty or refuses and now prefers to be wet in his clothes or becomes secretive when he's had an accident ... I'm running out of trousers because I have to keep washing so much,https://www.youtube.com/watch?v=a6Qm6mQgqZk&lc=UgznonU3WMM5LX-Y7jN4AaABAg,YouTube (Mistake That Turns a Regression Into an Ongoing Problem),~2025 (approx),,YouTube comments,VERBATIM,regression; laundry / mess,,,,,,,,Apathy,problem,,,regression parent,running out of trousers
N260,after one full month of going to the potty she now absolutely refuses and continues to go on herself. There has been no big changes. It's so frustrating,https://www.youtube.com/watch?v=a6Qm6mQgqZk&lc=Ugz8FOo8CcY0xbrO3sB4AaABAg,YouTube (Mistake That Turns a Regression Into an Ongoing Problem),~2025 (approx),,YouTube comments,VERBATIM,regression; child refuses,,,,,,,,Anger,problem,,,regression parent,It's so frustrating
N261,"after a poop incident during the night started to regress and get psychologic constipulation. ... We play games, explain, encourage but there is no effect.",https://www.youtube.com/watch?v=a6Qm6mQgqZk&lc=UgyIe4XjQuejW5fFxZh4AaABAg,YouTube (Mistake That Turns a Regression Into an Ongoing Problem),~2023 (approx),,YouTube comments,VERBATIM,withholding / poop refusal; regression,,,,rewards / games,,,,Fear,problem,nothing works,,withholding parent; regression parent,there is no effect
N262,What to do if 3 year old flat out refuses. ... Bribes or rewards are not working. I'm lost.,https://www.youtube.com/watch?v=a6Qm6mQgqZk&lc=Ugz9oS9JmKEz9vkhGYd4AaABAg,YouTube (Mistake That Turns a Regression Into an Ongoing Problem),~2024 (approx),,YouTube comments,VERBATIM,child refuses,,,,rewards / stickers / bribes,,,,Apathy,problem,nothing works,,late-trainer parent,I'm lost
N263,when my son started to regress with bowl movements there were no changes....and the regression has gotten WORSE. and we cant get into our dr for over a month,https://www.youtube.com/watch?v=a6Qm6mQgqZk&lc=UgyWSQx4bpw_-_4drLx4AaABAg,YouTube (Mistake That Turns a Regression Into an Ongoing Problem),~2024 (approx),,YouTube comments,VERBATIM,regression; withholding / poop refusal; can't access doctor,,,,,,,,Fear,problem,,pediatrician,regression parent; withholding parent,
N264,"As a first time mom who will return to 40 hour work weeks in a little bit, im trying to figure out how to best space my time to make the most of it with my daughter",https://www.youtube.com/watch?v=a6Qm6mQgqZk&lc=UgwWAtv1uQSxGi93F2h4AaABAg,YouTube (Mistake That Turns a Regression Into an Ongoing Problem),~2023 (approx),,YouTube comments,VERBATIM,limited time (working parent),train before back to work,,,,going back to work,,,Desire,problem,,,working parent / daycare,return to 40 hour work weeks
